user_id,res
1,"[948670, 856942, 940947, 1074612, 981760]"
6,"[12384953, 1082185, 863447, 833025, 1020682]"
7,"[974156, 1122358, 1082185, 981760, 840361]"
8,"[995660, 8181377, 969932, 1020682, 1134522]"
9,"[12171886, 1029743, 862799, 981760, 840361]"
13,"[9488065, 1029743, 1038985, 981760, 833025]"
14,"[6533765, 951590, 1029743, 1082185, 840361]"
15,"[6443348, 1070820, 1082185, 840361, 833025]"
16,"[13007710, 923149, 2573963, 1082185, 840361]"
17,"[12731432, 833351, 896085, 981760, 840361]"
18,"[925077, 1128477, 1116821, 833025, 1020682]"
19,"[6533765, 962229, 1029743, 1134522, 9487927]"
20,"[1078258, 1075368, 1126899, 833025, 1020682]"
22,"[869874, 1082185, 1070820, 981760, 833025]"
23,"[958023, 1075368, 1138858, 840361, 833025]"
24,"[970152, 1036501, 1106523, 981760, 833025]"
25,"[958023, 1029743, 1012284, 840361, 952317]"
26,"[1118807, 978129, 923746, 833025, 1020682]"
27,"[897449, 1029252, 9419470, 1082185, 840361]"
28,"[5996184, 1079878, 1112238, 1082185, 840361]"
29,"[930283, 5568378, 891505, 1082185, 840361]"
31,"[1035422, 1057260, 1040807, 1082185, 840361]"
32,"[1137484, 820222, 8293447, 840361, 833025]"
33,"[12810472, 1106523, 968146, 1082185, 840361]"
34,"[6533765, 993638, 819063, 1082185, 840361]"
36,"[865233, 1097991, 1029743, 840361, 833025]"
37,"[948670, 1067695, 844165, 1082185, 840361]"
39,"[1062467, 1126899, 1127716, 833025, 1020682]"
40,"[879194, 903325, 1076587, 981760, 833025]"
41,"[874972, 909714, 1082185, 840361, 833025]"
42,"[968072, 955879, 839656, 833025, 1020682]"
43,"[6391137, 821787, 952163, 1082185, 981760]"
46,"[9655679, 1029743, 1082185, 840361, 833025]"
47,"[12262778, 6533681, 6533236, 1082185, 840361]"
48,"[5591777, 826816, 7168759, 981760, 840361]"
49,"[901067, 5569471, 1070820, 833025, 952317]"
52,"[1056740, 1109680, 1082185, 833025, 1020682]"
53,"[906335, 5569471, 6034857, 981760, 840361]"
55,"[5571134, 844165, 883932, 981760, 840361]"
56,"[849202, 9803545, 1058997, 1082185, 840361]"
57,"[13072793, 986912, 1011141, 981760, 840361]"
58,"[1092750, 1127831, 1106523, 833025, 1020682]"
59,"[841128, 957951, 1056509, 833025, 1020682]"
60,"[5588817, 1029743, 840938, 1082185, 840361]"
63,"[897733, 1062572, 5588873, 1082185, 840361]"
64,"[1013928, 1081177, 952893, 1082185, 833025]"
65,"[1095964, 1070820, 961889, 840361, 833025]"
67,"[1034176, 971922, 9420067, 1082185, 1020682]"
68,"[1134483, 1029743, 861445, 840361, 1044895]"
69,"[836445, 951590, 1044078, 833025, 1020682]"
70,"[5586797, 1039156, 914155, 1082185, 840361]"
71,"[917384, 1056509, 1044078, 1082185, 840361]"
73,"[924820, 1005186, 7024847, 981760, 840361]"
74,"[827148, 1085369, 1126045, 840361, 1020682]"
75,"[849202, 459074, 709622, 714433, 840361]"
76,"[1130882, 1054080, 831628, 981760, 840361]"
77,"[930870, 1106523, 1082185, 833025, 5580793]"
78,"[829291, 1082185, 5591154, 833025, 1020682]"
79,"[1103513, 864741, 1070820, 981760, 840361]"
80,"[1013928, 1082185, 878996, 981760, 840361]"
81,"[7152889, 844165, 1029743, 928049, 1020682]"
82,"[849202, 1119761, 1084036, 1082185, 840361]"
83,"[1046485, 819302, 1059902, 981760, 1048260]"
84,"[6554544, 903529, 920025, 981760, 840361]"
85,"[974156, 1021519, 961554, 833025, 1020682]"
86,"[969725, 865026, 1082185, 840361, 1054215]"
87,"[968297, 1008820, 1079528, 1082185, 840361]"
88,"[897298, 8090521, 888104, 840361, 1065593]"
90,"[830608, 942299, 1070820, 981760, 840361]"
91,"[9831557, 1029743, 838637, 833025, 1020682]"
92,"[12810464, 6391089, 845208, 981760, 840361]"
95,"[1088771, 1029743, 908531, 833025, 1020682]"
97,"[1034176, 1075368, 995242, 1082185, 1020682]"
98,"[15972298, 1091858, 1018278, 840361, 833025]"
99,"[948670, 1082185, 824073, 840361, 833025]"
101,"[6533765, 1106523, 929410, 1082185, 840361]"
103,"[12987896, 961846, 1106523, 1082185, 840361]"
104,"[906335, 1082185, 1029743, 1020682, 1044895]"
105,"[12731727, 1135868, 1005186, 833025, 1020682]"
106,"[1111080, 896516, 1127179, 1082185, 840361]"
108,"[5591777, 962266, 1127831, 981760, 840361]"
109,"[906844, 12731436, 996955, 1082185, 886703]"
110,"[841236, 951590, 1133018, 833025, 1044895]"
111,"[1129049, 9677874, 1106523, 840361, 1020682]"
112,"[1107502, 1105615, 1011300, 1082185, 840361]"
113,"[933354, 1070820, 976199, 1020682, 952317]"
114,"[948670, 5568489, 1029743, 1082185, 981760]"
115,"[1134736, 1101010, 963971, 840361, 1020682]"
116,"[1014732, 976199, 1037863, 1082185, 840361]"
117,"[12731432, 862349, 1041229, 981760, 1020682]"
118,"[1048257, 1083043, 893018, 981760, 840361]"
119,"[1092750, 1029743, 12554515, 1082185, 840361]"
120,"[9296861, 1007136, 1082311, 1082185, 840361]"
122,"[1025535, 5569230, 940947, 1082185, 840361]"
123,"[874972, 1056509, 1126899, 1020682, 1044895]"
124,"[5590465, 1106523, 9526410, 1082185, 840361]"
125,"[7410217, 1029743, 834117, 981760, 840361]"
127,"[904129, 1044078, 1106523, 981760, 833025]"
128,"[850028, 1051516, 1098248, 833025, 1020682]"
131,"[948670, 1029743, 1075214, 1058779, 952317]"
132,"[1108094, 854852, 1110572, 981760, 840361]"
133,"[1019820, 1127831, 5590661, 833025, 1020682]"
135,"[12731727, 862349, 959455, 1082185, 981760]"
136,"[1021164, 8090521, 5569349, 1020682, 1044895]"
138,"[9419528, 1082185, 1070820, 833025, 1044895]"
139,"[1021324, 1082185, 968695, 840361, 833025]"
142,"[1052752, 1074524, 1082212, 981760, 840361]"
143,"[5590765, 5569230, 1043920, 1065593, 1020682]"
144,"[930283, 1106523, 901976, 981760, 840361]"
145,"[848783, 1082185, 5569471, 981760, 840361]"
149,"[1079913, 873044, 981760, 833025, 1020682]"
153,"[870452, 859075, 906655, 1082185, 840361]"
155,"[849202, 1029743, 7168637, 1082185, 840361]"
156,"[12484608, 861445, 1006184, 833025, 961846]"
157,"[890302, 962229, 2504933, 833025, 1020682]"
158,"[935184, 7025106, 1025641, 1082185, 840361]"
159,"[6533765, 923746, 1096036, 1082185, 981760]"
160,"[904997, 1005186, 5580525, 1082185, 981760]"
161,"[1061522, 868764, 9677202, 1082185, 840361]"
162,"[841565, 1122358, 1029743, 1082185, 840361]"
163,"[848029, 951727, 1026235, 1082185, 840361]"
164,"[6391289, 1029743, 839605, 856772, 1020682]"
165,"[948670, 1070820, 944534, 981760, 833025]"
166,"[926884, 1075368, 1106523, 840361, 833025]"
167,"[1094566, 9297151, 1072693, 1082185, 840361]"
171,"[15596363, 987724, 1044078, 1082185, 840361]"
172,"[6533765, 1053690, 1044500, 1082185, 840361]"
175,"[1065303, 1053329, 1064389, 833025, 1065593]"
177,"[6703768, 1082185, 1127831, 981760, 840361]"
178,"[1013928, 963686, 873627, 1085604, 840361]"
180,"[1013928, 5569230, 1029743, 981760, 840361]"
182,"[1134678, 1037863, 1133018, 840361, 833025]"
183,"[1100830, 1106523, 1135681, 981760, 840361]"
184,"[874972, 896085, 5572234, 840361, 833025]"
185,"[909497, 1029743, 916122, 981760, 840361]"
188,"[917384, 1106523, 868909, 1082185, 1020682]"
189,"[904129, 996156, 9707498, 1082185, 840361]"
191,"[1015785, 914190, 1036347, 1082185, 840361]"
192,"[1082627, 5569230, 1029743, 1082185, 840361]"
193,"[930486, 1029743, 983584, 833025, 943233]"
194,"[1123224, 6391381, 854852, 981760, 833025]"
195,"[848029, 1082185, 7409622, 833025, 1020682]"
196,"[1000753, 1106523, 1101173, 840361, 1020682]"
197,"[1129049, 1126899, 9881593, 981760, 833025]"
198,"[1000753, 1005186, 1029743, 840361, 943233]"
199,"[875804, 1005186, 904537, 1082185, 840361]"
200,"[1133998, 1138189, 823990, 981760, 840361]"
201,"[850028, 1138292, 1108168, 981760, 840361]"
203,"[9526574, 1029743, 1005186, 1082185, 840361]"
204,"[969125, 6034857, 10355644, 1082185, 840361]"
205,"[13115331, 1106523, 1082185, 1020682, 1044895]"
206,"[5590965, 1106523, 926905, 1082185, 840361]"
207,"[899019, 976199, 1138189, 981760, 840361]"
208,"[993636, 854133, 1055425, 840361, 833025]"
209,"[6533765, 923746, 1029743, 981760, 833025]"
210,"[12757425, 1081177, 1051323, 840361, 833025]"
211,"[6391152, 962229, 1133018, 981760, 840361]"
212,"[5568758, 1081189, 6534078, 981760, 833025]"
214,"[6602270, 10456226, 901062, 981760, 833025]"
215,"[906335, 1101721, 6391089, 981760, 961846]"
216,"[974156, 874832, 6533936, 1082185, 840361]"
217,"[874972, 1101959, 841266, 840361, 833025]"
218,"[878715, 965772, 5589662, 981760, 840361]"
219,"[10121829, 1127831, 1082185, 840361, 833025]"
221,"[9487933, 1133018, 1043751, 1082185, 1134522]"
222,"[974156, 1010308, 1082185, 981760, 833025]"
223,"[865233, 1029743, 871756, 981760, 840361]"
224,"[947858, 1106523, 1078478, 840361, 1020682]"
225,"[923339, 987122, 850601, 1082185, 840361]"
226,"[829291, 1029743, 932503, 833025, 886703]"
227,"[845193, 898601, 954424, 981760, 840361]"
228,"[12582527, 5569471, 1082185, 840361, 886703]"
230,"[938138, 1029743, 8090532, 981760, 943233]"
232,"[6533765, 1014388, 1029743, 1085604, 1020682]"
233,"[833940, 1122568, 12781254, 1082185, 840361]"
235,"[944018, 862732, 983584, 833025, 1020682]"
236,"[1116242, 1126899, 8119157, 1082185, 833025]"
237,"[7410347, 12693326, 851241, 1082185, 840361]"
238,"[948670, 1102416, 1106523, 981760, 833025]"
239,"[948670, 1133018, 854852, 1082185, 1065593]"
240,"[1082627, 1106523, 1201344, 1082185, 840361]"
242,"[924770, 1029743, 853643, 833025, 1020682]"
243,"[970866, 1126899, 6034857, 981760, 833025]"
244,"[1000753, 1133018, 909894, 833025, 1134522]"
245,"[12731517, 1029743, 923746, 1082185, 909349]"
246,"[871882, 1070820, 1072957, 1082185, 981760]"
247,"[867936, 1082185, 1005186, 840361, 833025]"
248,"[1015785, 1516066, 1126899, 981760, 840361]"
249,"[6919087, 1029743, 1053690, 1082185, 952317]"
250,"[980353, 923169, 1056509, 1082185, 840361]"
251,"[874972, 1070820, 1040807, 1082185, 981760]"
253,"[955914, 951590, 1106523, 840361, 833025]"
254,"[1078668, 1106523, 859237, 981760, 840361]"
255,"[1114907, 5569230, 1097846, 981760, 840361]"
256,"[948670, 862349, 1101706, 981760, 1020682]"
257,"[1038663, 1106523, 859075, 981760, 909349]"
258,"[1048257, 995242, 906917, 981760, 840361]"
259,"[1055022, 881154, 1087605, 1082185, 840361]"
261,"[1069312, 5568378, 995242, 1082185, 840361]"
262,"[916374, 1058997, 1124971, 840361, 833025]"
263,"[874972, 1029743, 1044078, 831390, 840361]"
267,"[954809, 901976, 1060278, 1082185, 840361]"
269,"[15660214, 1139782, 962229, 833025, 1020682]"
273,"[879734, 1053690, 12810328, 981760, 9420312]"
275,"[6533765, 1106523, 918638, 981760, 9420312]"
276,"[847803, 825317, 1089766, 1082185, 840361]"
278,"[917384, 895680, 824005, 1082185, 840361]"
279,"[995151, 1029743, 1082212, 981760, 833025]"
280,"[1044441, 1106523, 12731544, 981760, 833025]"
282,"[909972, 6464074, 916122, 840361, 833025]"
283,"[1108094, 7409644, 1070820, 1020682, 1044895]"
285,"[958594, 878739, 928961, 840361, 1020682]"
286,"[1115069, 866211, 9553154, 981760, 840361]"
287,"[997272, 1106523, 10204543, 840361, 833025]"
288,"[865334, 1082185, 1070820, 840361, 833025]"
289,"[1138243, 981760, 864279, 833025, 1020682]"
290,"[7160764, 873964, 962229, 1062966, 1020682]"
291,"[6533765, 911311, 1120213, 1058779, 981760]"
292,"[1013928, 1043920, 864335, 1082185, 840361]"
293,"[8203342, 987562, 824005, 833025, 1020682]"
294,"[837920, 1106523, 873627, 833025, 1134522]"
297,"[874972, 1075368, 1082185, 840361, 943233]"
300,"[848029, 1106523, 835618, 989935, 952317]"
301,"[874972, 1082185, 1015474, 981760, 1020682]"
302,"[982469, 1027168, 934788, 840361, 833025]"
303,"[1034176, 951590, 1082185, 981760, 1134522]"
304,"[1038663, 1029743, 873627, 1082185, 840361]"
305,"[1034176, 1133850, 6463727, 1082185, 833025]"
306,"[13213240, 1056509, 838940, 833025, 1020682]"
307,"[1014732, 819765, 984176, 1082185, 9420312]"
308,"[10457351, 887102, 1110572, 1082185, 840361]"
311,"[1110111, 1106523, 1005186, 981760, 840361]"
314,"[882308, 820486, 1082185, 840361, 833025]"
316,"[836445, 1044078, 1081177, 981760, 840361]"
317,"[13007264, 1029743, 951590, 840361, 833025]"
318,"[1021324, 5569230, 8293751, 1082185, 9420312]"
319,"[887474, 1106523, 961554, 981760, 1020682]"
320,"[959737, 1024306, 903325, 1082185, 840361]"
321,"[830203, 905436, 1126899, 833025, 1020682]"
322,"[13189897, 8090556, 12524005, 1082185, 1020682]"
324,"[1029199, 1070820, 1057260, 981760, 833025]"
325,"[9655679, 1029743, 965679, 981760, 954642]"
326,"[1071302, 1137346, 8090521, 1082185, 840361]"
328,"[1048257, 1070820, 885290, 981760, 840361]"
329,"[948670, 1127831, 901062, 840361, 886703]"
331,"[887474, 983659, 1029743, 840361, 833025]"
332,"[1046562, 1070820, 1056267, 963502, 1020682]"
334,"[9297265, 1082185, 826144, 840361, 833025]"
335,"[9677366, 945652, 1088540, 981760, 840361]"
338,"[6633244, 1026118, 1028816, 833025, 1020682]"
339,"[12731432, 1106523, 1082172, 981760, 840361]"
342,"[836445, 1005186, 1029743, 1118787, 840361]"
343,"[5995853, 8119231, 1134398, 1082185, 840361]"
345,"[7155012, 6602697, 1002558, 1096343, 952317]"
346,"[962615, 1101010, 1029743, 840361, 833025]"
347,"[1082627, 1110409, 877046, 1082185, 840361]"
348,"[6533765, 1096036, 1068719, 840361, 909349]"
349,"[1038573, 1126899, 1043751, 833025, 1020682]"
351,"[8020166, 951590, 894439, 1020682, 1044895]"
353,"[938138, 1022254, 839656, 833025, 1020682]"
354,"[849202, 1050851, 916122, 833025, 1134522]"
356,"[5590765, 1049735, 1056402, 1082185, 840361]"
357,"[1118235, 1126899, 1122358, 981760, 886703]"
358,"[981677, 5569230, 1106523, 840361, 833025]"
360,"[10121718, 8181495, 830887, 981760, 840361]"
361,"[874972, 1056509, 1101010, 840361, 1044895]"
362,"[919766, 1128395, 923746, 1082185, 833025]"
365,"[1000753, 955275, 1062128, 840361, 833025]"
367,"[9524291, 1082185, 1058021, 981760, 840361]"
368,"[848029, 6391484, 1083446, 1082185, 840361]"
371,"[1054402, 1029743, 919423, 1020682, 952317]"
374,"[1108094, 1029743, 1015296, 833025, 1020682]"
375,"[948670, 8090532, 1058021, 1044895, 840361]"
376,"[873324, 945909, 986912, 1082185, 9420312]"
377,"[874972, 1082185, 1126899, 1044895, 1020682]"
378,"[848783, 1005186, 9526410, 1082185, 1020682]"
380,"[1069863, 1098284, 951590, 981760, 840361]"
381,"[1061228, 1075368, 1029743, 981760, 1020682]"
382,"[1069312, 999250, 979505, 1082185, 840361]"
384,"[6961764, 1061394, 915274, 981760, 833025]"
386,"[6533765, 977499, 998206, 981760, 943233]"
387,"[6551861, 1126899, 897922, 840361, 1020682]"
388,"[828420, 1031864, 1029743, 1082185, 840361]"
389,"[887474, 1126899, 1082185, 1044895, 952317]"
390,"[874972, 951590, 1058243, 840361, 833025]"
392,"[6039604, 1028473, 12263788, 840361, 833025]"
393,"[1013928, 972312, 1029743, 1085604, 1044895]"
394,"[1061228, 1029743, 986912, 981760, 840361]"
395,"[906844, 1053690, 962229, 1082185, 840361]"
396,"[887474, 834103, 879031, 1082185, 840361]"
397,"[849202, 6904613, 1126899, 840361, 886703]"
398,"[1129049, 1029743, 5981072, 981760, 943233]"
399,"[9803278, 5569230, 951590, 840361, 833025]"
400,"[10200030, 1029743, 5567702, 1020682, 1044895]"
401,"[836445, 942166, 827683, 1081189, 1094585]"
402,"[849202, 964594, 13842090, 1082185, 840361]"
404,"[9392953, 1092588, 992986, 1082185, 840361]"
405,"[948670, 1039156, 7167836, 981760, 840361]"
406,"[8203328, 1017739, 1082185, 981760, 840361]"
409,"[9419769, 1070820, 1082185, 840361, 833025]"
410,"[6919087, 1044078, 992951, 840361, 833025]"
411,"[9831557, 1106523, 951590, 840361, 833025]"
412,"[6533765, 1005186, 986912, 1082185, 840361]"
413,"[1048257, 986912, 1082185, 833025, 1134522]"
414,"[6533765, 1029743, 872066, 1094955, 952317]"
415,"[864893, 7167970, 946442, 1082185, 840361]"
417,"[1129049, 1082185, 1029743, 840361, 833025]"
418,"[901067, 1029743, 12263788, 833025, 1020682]"
420,"[940375, 1059902, 889551, 1082185, 840361]"
421,"[857215, 981760, 1029743, 840361, 833025]"
424,"[872922, 9802756, 15595983, 840361, 1020682]"
425,"[971380, 923746, 843464, 981760, 833025]"
426,"[968072, 899682, 1005186, 1049133, 1044895]"
427,"[919766, 1082185, 1029743, 840361, 833025]"
430,"[13987010, 5569230, 1029743, 981760, 840361]"
431,"[12330635, 1070820, 1092937, 1082185, 840361]"
432,"[1013928, 1030093, 995242, 1082185, 840361]"
433,"[828896, 1106523, 1082185, 981760, 840361]"
434,"[961730, 1039781, 845109, 1082185, 833025]"
435,"[948670, 5569230, 1117514, 860720, 840361]"
436,"[1107420, 847982, 1029743, 981760, 833025]"
437,"[7432119, 877310, 962229, 840361, 1044895]"
438,"[968072, 1070820, 951590, 981760, 833025]"
439,"[925077, 1037840, 5567421, 1082185, 840361]"
441,"[906844, 1038985, 1124971, 981760, 840361]"
442,"[962615, 1085604, 1110843, 981760, 833025]"
443,"[848029, 982393, 9221763, 840361, 833025]"
446,"[972969, 937909, 979057, 1082185, 840361]"
447,"[834427, 1057260, 1029743, 981760, 840361]"
448,"[870452, 6463717, 9835695, 981760, 840361]"
449,"[7166604, 1029743, 1048462, 1082185, 840361]"
450,"[863762, 998206, 9189814, 1082185, 840361]"
451,"[926657, 999189, 1082185, 981760, 833025]"
452,"[942855, 1096036, 1044078, 981760, 840361]"
454,"[1021324, 1029743, 5569230, 840361, 886703]"
456,"[1108094, 5569845, 862349, 1082185, 981760]"
457,"[6533765, 1029743, 9829787, 1082185, 840361]"
458,"[12810391, 1023958, 828588, 1082185, 833025]"
459,"[863762, 972312, 12262832, 1082185, 840361]"
460,"[948670, 1017459, 993466, 1121624, 981760]"
462,"[5574605, 854852, 1024306, 833025, 1020682]"
463,"[5568758, 1036093, 1051516, 981760, 840361]"
464,"[9419528, 1029743, 993638, 1082185, 981760]"
466,"[13115639, 1025611, 895652, 1082185, 840361]"
467,"[6396070, 1106523, 1082185, 981760, 840361]"
468,"[916578, 1106523, 5564772, 981760, 840361]"
469,"[849202, 1082185, 1127831, 1044895, 1071757]"
470,"[908314, 1119784, 840601, 1082185, 840361]"
471,"[9521679, 1119405, 1127831, 1082185, 840361]"
472,"[1027900, 1029743, 8019273, 1082185, 840361]"
473,"[970866, 1053016, 1056509, 833025, 1020682]"
474,"[13115504, 1088683, 1053690, 1082185, 840361]"
476,"[836090, 1106523, 1101173, 1082185, 981760]"
477,"[12731432, 1126899, 10311651, 1082185, 840361]"
479,"[864893, 1037840, 1085604, 981760, 840361]"
480,"[833940, 5569471, 1082185, 981760, 833025]"
481,"[860248, 951590, 845208, 833025, 1044895]"
482,"[959134, 951590, 910673, 1082185, 840361]"
483,"[1139216, 1106523, 1118533, 1082185, 952317]"
484,"[1118946, 10198402, 1110843, 833025, 886703]"
485,"[12810391, 1029743, 7168431, 981760, 840361]"
486,"[142450, 57390, 5984458, 1082185, 840361]"
487,"[12484491, 827047, 1023531, 1082185, 840361]"
488,"[1026118, 943393, 901062, 840361, 1020682]"
489,"[837569, 986912, 1019247, 840361, 833025]"
490,"[865233, 5569471, 944317, 981760, 943233]"
491,"[1048949, 1055504, 6533936, 981760, 840361]"
493,"[1070723, 873627, 8090539, 833025, 1020682]"
496,"[1075765, 999270, 1106523, 981760, 840361]"
497,"[1069312, 12428210, 8276172, 1082185, 840361]"
498,"[1061228, 1028891, 1106523, 981760, 840361]"
501,"[1109206, 1065380, 932949, 1082185, 840361]"
503,"[1004054, 1070820, 8090536, 981760, 840361]"
505,"[874972, 962991, 7441498, 1082185, 840361]"
506,"[1018818, 1081189, 1007259, 981760, 840361]"
507,"[919766, 1008012, 1127716, 840361, 833025]"
510,"[1044588, 1036501, 1127831, 833025, 1020682]"
511,"[6533765, 1029743, 1071171, 981760, 9420312]"
512,"[859351, 1108168, 1106523, 1082185, 840361]"
513,"[1034176, 865026, 1018740, 1082185, 840361]"
514,"[7410217, 923169, 1127831, 981760, 840361]"
515,"[1034176, 854270, 1106523, 840361, 943233]"
517,"[904997, 1126899, 1081177, 1020682, 952317]"
518,"[12810391, 10457131, 1102959, 833025, 1020682]"
519,"[1079913, 1029743, 962266, 1082185, 840361]"
520,"[956599, 1106523, 8090537, 833025, 1020682]"
521,"[961530, 1127831, 1082185, 981760, 840361]"
523,"[968072, 1005186, 1110572, 840361, 833025]"
524,"[7410358, 1082185, 1037863, 840361, 833025]"
525,"[1085392, 9930055, 1026118, 1082185, 840361]"
526,"[874972, 5569230, 1044078, 931672, 1020682]"
527,"[1014956, 1046584, 1131321, 1082185, 840361]"
528,"[5573295, 5585510, 866871, 1082185, 840361]"
530,"[979551, 909688, 920761, 1082185, 833025]"
532,"[1130729, 968695, 1127831, 1082185, 840361]"
534,"[6533765, 841228, 993466, 1082185, 840361]"
536,"[826666, 1029743, 5568378, 840361, 943233]"
537,"[1065538, 1116635, 1057260, 1082185, 1065593]"
538,"[867447, 1070820, 1082212, 833025, 1020682]"
539,"[878715, 860975, 923746, 1020682, 952317]"
540,"[1118623, 1000237, 1082185, 981760, 840361]"
541,"[9524291, 1106523, 898869, 1082185, 981760]"
542,"[1020208, 1106523, 844165, 1082185, 981760]"
543,"[879734, 820486, 7443013, 1082185, 840361]"
544,"[1118623, 1085604, 1110572, 1082185, 840361]"
545,"[894132, 1070076, 934635, 1105623, 1020682]"
548,"[831407, 1001333, 923746, 1082185, 1020682]"
550,"[970152, 835098, 1108488, 840361, 833025]"
551,"[1081621, 995242, 6513671, 1082185, 840361]"
553,"[849202, 1030362, 951590, 833025, 952317]"
557,"[7152888, 819330, 846634, 1082185, 840361]"
558,"[1134678, 1106523, 1048462, 833025, 1044895]"
560,"[5592232, 1029743, 999104, 1082185, 840361]"
561,"[938138, 909268, 932179, 1082185, 840361]"
562,"[1115069, 957951, 1029743, 840361, 1020682]"
564,"[900175, 1110843, 824005, 840361, 833025]"
567,"[6533765, 986912, 1089766, 840361, 1065593]"
568,"[1038663, 1106523, 905817, 833025, 1134522]"
569,"[1062467, 6391080, 1027208, 981760, 840361]"
573,"[9831557, 1106523, 8090521, 840361, 833025]"
574,"[5568152, 914754, 1029743, 981760, 909306]"
575,"[1116733, 1049735, 953561, 9487927, 1134522]"
577,"[1017599, 1110244, 951590, 840361, 833025]"
578,"[976270, 942166, 899056, 1082185, 840361]"
580,"[1118946, 1056509, 1046910, 1082185, 840361]"
581,"[12525270, 1084796, 1126899, 840361, 1020682]"
582,"[1021324, 5569230, 1024306, 981760, 833025]"
583,"[1021324, 1037840, 1076306, 1082185, 840361]"
585,"[1071302, 1126899, 5568072, 1082185, 952317]"
586,"[906335, 1029743, 823365, 840361, 833025]"
587,"[1006835, 911470, 1126830, 1082185, 840361]"
588,"[1097363, 951590, 1050851, 1020682, 1044895]"
590,"[1139216, 1053690, 1106523, 833025, 1065593]"
591,"[1065017, 1106523, 933067, 1044895, 952317]"
592,"[1074775, 1070820, 5592094, 981760, 840361]"
593,"[827911, 1106523, 5592931, 981760, 840361]"
594,"[15512234, 1106523, 8090537, 981760, 840361]"
595,"[1093830, 1029743, 850028, 981760, 840361]"
596,"[825135, 8090537, 1025581, 981760, 840361]"
597,"[6961519, 1106301, 1025611, 840361, 1020682]"
598,"[6533765, 9553382, 8090532, 840361, 833025]"
599,"[1088979, 1046262, 820888, 1082185, 840361]"
600,"[1021324, 1029743, 5569230, 1082185, 840361]"
601,"[1090317, 1126899, 902640, 840361, 833025]"
602,"[833940, 944139, 1029743, 981760, 833025]"
603,"[836445, 5592931, 1106523, 840361, 9420312]"
604,"[1007279, 862349, 5569374, 981760, 833025]"
605,"[871563, 965772, 13133916, 1082185, 981760]"
606,"[8293437, 1029743, 848107, 833025, 1020682]"
608,"[5590965, 6979753, 1106523, 833025, 1134522]"
609,"[1021324, 5569230, 1110572, 981760, 840361]"
610,"[1102139, 8118969, 961399, 1082185, 840361]"
611,"[12757425, 7409663, 8177622, 981760, 840361]"
612,"[938138, 1029743, 12132648, 840361, 952317]"
614,"[12262978, 1029743, 5565925, 1082185, 981760]"
615,"[9835223, 971922, 5569201, 1082185, 840361]"
617,"[837569, 10345155, 1137176, 840361, 833025]"
618,"[1013928, 1037840, 986912, 840361, 1044895]"
621,"[5569893, 1112825, 7024871, 1082185, 840361]"
622,"[1038663, 1106523, 965766, 981760, 840361]"
623,"[1014732, 1029743, 934427, 840361, 833025]"
624,"[12810391, 1106523, 5592931, 981760, 840361]"
625,"[899019, 1127831, 951590, 981760, 1020682]"
630,"[1000753, 1070820, 880895, 981760, 840361]"
631,"[994065, 899682, 878445, 1082185, 840361]"
632,"[849202, 1029743, 1093301, 1020682, 1065593]"
633,"[833940, 8119129, 1082185, 981760, 840361]"
635,"[970160, 1036470, 1106523, 981760, 840361]"
636,"[12810391, 5592931, 1096036, 981760, 1020682]"
637,"[1103808, 926905, 1114811, 840361, 943233]"
638,"[910525, 1029743, 1053530, 840361, 1020682]"
640,"[849202, 1106523, 1088414, 981760, 840361]"
641,"[1021164, 1070820, 1104349, 840361, 833025]"
643,"[15563679, 1029743, 833014, 981760, 833025]"
644,"[1014732, 821083, 1098435, 981760, 840361]"
647,"[1096905, 951590, 1029743, 840361, 952317]"
648,"[1112592, 865757, 903325, 981760, 840361]"
650,"[1692670, 1499569, 1678776, 1082185, 981760]"
652,"[5995129, 832678, 1101932, 981760, 833025]"
653,"[930486, 1037840, 951590, 963502, 1131351]"
654,"[864893, 937413, 1096842, 981760, 840361]"
655,"[6533765, 1112238, 1005186, 840361, 1020682]"
656,"[1082627, 1106523, 5569230, 833025, 1020682]"
658,"[974156, 869047, 1068719, 981760, 840361]"
660,"[9419769, 1126899, 953561, 840361, 1020682]"
661,"[12262978, 1138292, 1004596, 1082185, 952317]"
663,"[974156, 1082185, 8090521, 981760, 840361]"
664,"[1022388, 1039224, 951590, 981760, 1065593]"
666,"[904997, 1089066, 972235, 1082185, 840361]"
667,"[13877039, 995242, 1110975, 1082185, 840361]"
668,"[9420320, 1058997, 1135460, 981760, 840361]"
669,"[917384, 1082185, 1126899, 833025, 1044895]"
670,"[865907, 1029743, 899115, 833025, 1020682]"
671,"[847434, 951590, 1029743, 981760, 833025]"
672,"[1099510, 1118533, 987724, 840361, 833025]"
674,"[874972, 1029743, 940766, 981760, 840361]"
675,"[6533765, 910673, 1133018, 840361, 824546]"
676,"[9677200, 1095227, 1102959, 1020682, 1044895]"
677,"[8203351, 914577, 995242, 1082185, 1020682]"
679,"[5568800, 8090521, 1137010, 840361, 1020682]"
680,"[1005303, 995242, 832442, 1082185, 833025]"
681,"[1134483, 850102, 8019916, 1082185, 840361]"
685,"[1129049, 1097398, 13115971, 1082185, 833025]"
686,"[982469, 1082185, 845208, 981760, 840361]"
687,"[1075514, 951590, 8090521, 833025, 1134522]"
690,"[1088771, 1035698, 922561, 833025, 1020682]"
692,"[1004436, 1067443, 938283, 1082185, 981760]"
694,"[1138423, 1029743, 1037840, 1082185, 840361]"
695,"[997272, 1029743, 835499, 840361, 833025]"
696,"[7409698, 1126899, 1082185, 981760, 886703]"
697,"[1111080, 1082185, 1057260, 840361, 1048260]"
699,"[13115442, 847066, 962229, 833025, 1020682]"
700,"[6633167, 1101010, 1029743, 981760, 840361]"
701,"[13115602, 913026, 944137, 840361, 833025]"
702,"[1086715, 985605, 8177622, 1044068, 952317]"
703,"[860248, 901776, 5569230, 833025, 1020682]"
705,"[1135803, 912112, 871876, 981760, 840361]"
706,"[12810391, 1029743, 834117, 840361, 1044895]"
707,"[1110111, 1029743, 7025114, 941741, 1020682]"
708,"[977839, 1029743, 910439, 833025, 1020682]"
709,"[930870, 889692, 992622, 1082185, 840361]"
710,"[929951, 1106523, 960318, 833025, 1065593]"
711,"[12487816, 1038467, 975649, 1082185, 840361]"
712,"[904129, 1070820, 921504, 833025, 1020682]"
713,"[840501, 962229, 1029743, 981760, 840361]"
714,"[1048257, 1082185, 950368, 840361, 1134522]"
715,"[971962, 1087102, 6463520, 840361, 833025]"
716,"[12731685, 1127831, 12263841, 1082185, 840361]"
717,"[1119946, 967227, 861445, 1082185, 840361]"
718,"[1103808, 1029743, 944486, 863802, 952317]"
719,"[933835, 895930, 1106523, 981760, 840361]"
720,"[1115069, 1056212, 1055504, 1082185, 981760]"
721,"[1114907, 7168286, 1126899, 1082185, 840361]"
722,"[904129, 1133018, 920958, 833025, 1020682]"
723,"[836445, 1082185, 878996, 981760, 833025]"
724,"[8354378, 835058, 891752, 981760, 840361]"
725,"[1008386, 1106523, 962568, 833025, 943233]"
726,"[850134, 995965, 1024731, 833025, 1020682]"
727,"[1038663, 1106523, 923746, 1020682, 1044895]"
728,"[1013928, 1106117, 1069039, 840361, 833025]"
729,"[2012906, 1903190, 1870702, 981760, 840361]"
730,"[1101744, 6391063, 909894, 981760, 840361]"
731,"[828420, 1029743, 962229, 840361, 961846]"
732,"[12673417, 916122, 1038684, 981760, 833025]"
733,"[1110111, 7443137, 5569471, 840361, 952317]"
734,"[12262830, 970160, 1070702, 981760, 833025]"
735,"[982469, 1106523, 1043663, 840361, 833025]"
736,"[886451, 1082185, 1029743, 981760, 840361]"
737,"[1096576, 1082185, 1121393, 981760, 833025]"
740,"[12731809, 1051516, 1024306, 833025, 1020682]"
741,"[904997, 903738, 13213604, 1082185, 981760]"
742,"[6772985, 938165, 1106523, 981760, 9420312]"
743,"[5588365, 1106523, 1121808, 1082185, 840361]"
744,"[970747, 862349, 903325, 1020682, 952317]"
745,"[1015785, 854852, 854754, 833025, 1071757]"
747,"[1025535, 1021715, 1005186, 981760, 1020682]"
750,"[6919087, 965766, 866211, 981760, 943233]"
751,"[1027480, 1027168, 1029685, 1082185, 840361]"
752,"[874972, 986912, 961554, 833025, 1020682]"
753,"[829291, 847207, 1029743, 840361, 1044895]"
754,"[887745, 1036347, 1016785, 981760, 840361]"
755,"[6979253, 279994, 1063207, 833025, 1020682]"
757,"[1034176, 5569471, 960199, 1082185, 840361]"
759,"[832968, 9419852, 1094400, 1082185, 840361]"
761,"[5586225, 1106523, 905072, 840361, 833025]"
762,"[1074775, 1091365, 1011300, 991951, 1020682]"
764,"[13506119, 1028422, 1029743, 840361, 833025]"
765,"[911033, 1106523, 945805, 981760, 1020682]"
766,"[6979324, 901062, 1127831, 833025, 1020682]"
767,"[1120161, 1042571, 840361, 1082185, 886703]"
768,"[863436, 1029743, 834117, 981760, 833025]"
769,"[900175, 1106523, 1082185, 840361, 886703]"
770,"[1021164, 5569230, 1082185, 981760, 952317]"
771,"[1108094, 1124938, 1112405, 952317, 886703]"
772,"[12188682, 986912, 1123575, 1082185, 840361]"
773,"[15972121, 835973, 909714, 981760, 840361]"
774,"[1060334, 936594, 936924, 981760, 1134522]"
776,"[826666, 1029743, 901762, 981760, 1020682]"
777,"[921438, 1072206, 862725, 981760, 833025]"
779,"[1032967, 1057260, 6533362, 840361, 1020682]"
780,"[1060985, 1077409, 849809, 1082185, 840361]"
781,"[5578437, 986939, 854405, 1082185, 840361]"
782,"[836445, 5568378, 1106523, 981760, 840361]"
784,"[1138682, 5569230, 1102250, 840361, 1020682]"
785,"[870452, 1037332, 1121624, 981760, 833025]"
786,"[878715, 5569230, 972665, 840361, 1044895]"
787,"[857538, 1079528, 1082212, 981760, 840361]"
788,"[6533765, 996425, 1108131, 1062966, 1020682]"
789,"[1095964, 1137771, 922561, 1082185, 840361]"
790,"[15717150, 9297055, 1100273, 981760, 840361]"
793,"[12984576, 8090545, 1118046, 840361, 1020682]"
795,"[829291, 1029743, 1043751, 1082185, 840361]"
796,"[1025535, 969866, 993638, 1082185, 981760]"
797,"[849549, 1029743, 6533368, 840361, 833025]"
798,"[9655679, 1007136, 12427486, 981760, 840361]"
799,"[836445, 1126899, 1082185, 981760, 840361]"
800,"[5590965, 995965, 926465, 833025, 952317]"
801,"[909497, 1029743, 981760, 840361, 833025]"
802,"[1118946, 1005186, 908531, 981760, 840361]"
803,"[969725, 969866, 1044078, 981760, 833025]"
804,"[5567715, 1029743, 943233, 1088191, 1065593]"
805,"[1038663, 870547, 899624, 840361, 9420312]"
806,"[956599, 1029743, 868539, 840361, 833025]"
807,"[865671, 1029743, 838186, 840361, 943233]"
808,"[12262978, 1029743, 1016800, 981760, 840361]"
809,"[970866, 926422, 9926758, 894591, 840361]"
811,"[1126683, 1029743, 847982, 1082185, 840361]"
812,"[1086194, 896862, 926307, 1082185, 981760]"
813,"[874972, 6534030, 1050851, 981760, 840361]"
814,"[12262778, 1116007, 854405, 1082185, 840361]"
816,"[1088910, 938187, 1082185, 840361, 833025]"
817,"[843068, 1070820, 1092588, 840361, 833025]"
818,"[6919087, 1029743, 893501, 981760, 840361]"
820,"[852015, 8090509, 1106523, 981760, 1020682]"
822,"[1090317, 1005186, 917407, 1082185, 840361]"
823,"[1118946, 835578, 873964, 840361, 833025]"
824,"[874972, 1106523, 1046689, 1082185, 840361]"
825,"[1000753, 1058997, 1082185, 833025, 952317]"
826,"[6533765, 986869, 943833, 981760, 840361]"
829,"[995242, 882604, 1101010, 840361, 833025]"
831,"[1083599, 951590, 1069003, 840361, 833025]"
832,"[1134483, 1106523, 981760, 1082185, 840361]"
836,"[878715, 916993, 999581, 981760, 840361]"
838,"[6533765, 1022801, 819765, 1082185, 840361]"
839,"[5569615, 888092, 909387, 1082185, 840361]"
840,"[885700, 1029743, 865569, 840361, 1044895]"
841,"[852015, 1106523, 908531, 840361, 1020682]"
842,"[6533765, 1005186, 1037840, 981760, 1020682]"
843,"[8116306, 1081177, 940700, 833025, 1134522]"
844,"[915787, 1127831, 5566472, 833025, 1044895]"
845,"[850391, 8090533, 1058997, 1082185, 840361]"
847,"[1134678, 1005274, 1001827, 981760, 1020682]"
849,"[1072524, 855202, 1058997, 1077490, 954642]"
851,"[858564, 861445, 1036501, 1082185, 840361]"
852,"[5568152, 1082185, 1076187, 833025, 1020682]"
853,"[9859017, 6904485, 911017, 981760, 840361]"
854,"[1122277, 862488, 945998, 1082185, 840361]"
855,"[1021324, 1029743, 1005186, 840361, 833025]"
856,"[1015785, 9420354, 8180927, 840361, 1020682]"
858,"[5980750, 1070820, 873627, 981760, 840361]"
859,"[874972, 1075368, 5569230, 981760, 833025]"
861,"[836445, 1075796, 899624, 981760, 833025]"
862,"[1038663, 987562, 1103629, 840361, 1020682]"
863,"[16097610, 1029743, 5569135, 981760, 840361]"
864,"[1065538, 1029743, 1101010, 840361, 1134522]"
865,"[1038663, 1106523, 899624, 1082185, 840361]"
866,"[875647, 1106523, 870547, 840361, 833025]"
867,"[1134483, 983584, 1106523, 1082185, 981760]"
868,"[1079913, 5569471, 9884484, 840361, 1020682]"
869,"[1021164, 5592931, 1034420, 1082185, 840361]"
871,"[851675, 897083, 1082185, 833025, 1020682]"
875,"[970866, 1082185, 1049634, 981760, 886703]"
876,"[1106210, 12782182, 843418, 981760, 952317]"
877,"[998879, 1126899, 981760, 840361, 833025]"
878,"[6533765, 947798, 951590, 833025, 1020682]"
879,"[8159366, 903325, 862682, 981760, 833025]"
880,"[5569615, 866211, 833025, 840361, 1020682]"
881,"[904129, 1029743, 9884698, 840361, 9420312]"
882,"[970866, 1029743, 957063, 1020682, 952317]"
883,"[1057749, 9420181, 1005274, 840361, 954642]"
884,"[974156, 986912, 1015539, 981760, 840361]"
885,"[904129, 951590, 1106523, 981760, 840361]"
886,"[863762, 868764, 969419, 833025, 9420312]"
887,"[1000753, 1005186, 988208, 1082185, 840361]"
888,"[1112242, 1131382, 1003188, 8181477, 1020682]"
889,"[949030, 1082185, 1127831, 981760, 840361]"
891,"[836445, 866211, 8090956, 833025, 909349]"
893,"[874972, 1106523, 1100972, 1082185, 840361]"
894,"[9419769, 1138631, 845208, 981760, 840361]"
895,"[1048949, 7024847, 868888, 981760, 840361]"
896,"[948670, 913210, 9420355, 840361, 833025]"
898,"[1000753, 1028816, 824005, 1011300, 833025]"
900,"[981677, 1133018, 986912, 840361, 833025]"
901,"[12731432, 923746, 937566, 981760, 1044895]"
904,"[836445, 891505, 1082185, 981760, 840361]"
905,"[1024136, 916122, 1064408, 981760, 833025]"
906,"[917384, 860703, 1048237, 840361, 833025]"
907,"[12731685, 986912, 1092588, 1082185, 1020682]"
908,"[1000753, 1057260, 1078666, 981760, 840361]"
909,"[901772, 995242, 9935616, 1011300, 1020682]"
911,"[1021164, 901062, 903325, 833025, 954642]"
913,"[899019, 824758, 1070820, 840361, 833025]"
914,"[1138243, 1073150, 1110843, 1082185, 840361]"
915,"[6533765, 1036753, 853354, 1082185, 840361]"
916,"[6961601, 824193, 1075368, 1082185, 840361]"
919,"[9655679, 6391532, 10457518, 981760, 840361]"
920,"[982469, 1106523, 1097001, 840361, 1020682]"
922,"[1075353, 1058997, 12453246, 833025, 1020682]"
923,"[883819, 1106523, 1014948, 981760, 840361]"
924,"[1107522, 1029743, 951590, 1082185, 840361]"
925,"[8203606, 1089564, 1012112, 1082185, 840361]"
926,"[948670, 903325, 1138443, 840361, 833025]"
927,"[8203342, 1127831, 986912, 1082185, 840361]"
928,"[5581788, 1082185, 829852, 981760, 886703]"
929,"[874972, 845193, 1010190, 941741, 1065593]"
932,"[982469, 1127831, 8090537, 840361, 1020682]"
933,"[6533765, 1106523, 5569327, 1082185, 1134522]"
934,"[904997, 1004906, 1088147, 952317, 1065593]"
935,"[9396688, 1132771, 1056746, 981760, 833025]"
936,"[1050443, 962229, 995242, 840361, 833025]"
937,"[860248, 1126899, 961554, 1082185, 833025]"
939,"[863762, 1092026, 1106523, 840361, 1044895]"
941,"[982172, 1052325, 938849, 1082185, 840361]"
943,"[6533765, 5592931, 1106523, 833025, 9420312]"
944,"[1073877, 1106523, 951590, 1020682, 1044895]"
945,"[848029, 1082185, 951590, 840361, 833025]"
946,"[836445, 1133018, 1093413, 840361, 833025]"
947,"[1117723, 1134296, 1101010, 1082185, 840361]"
949,"[12812261, 1029743, 971922, 1082185, 981760]"
951,"[1010167, 1029743, 977481, 1082185, 840361]"
952,"[919766, 1075368, 1003188, 981760, 1134522]"
953,"[5577007, 1029743, 1082185, 840361, 886703]"
954,"[1692670, 5978585, 1516066, 981760, 840361]"
955,"[6533765, 1106523, 995876, 840361, 833025]"
956,"[874972, 1070820, 955858, 1082185, 840361]"
957,"[6533765, 14019790, 1032703, 840361, 9420312]"
959,"[1118623, 1029272, 918150, 981760, 840361]"
960,"[6979437, 886395, 8118513, 981760, 840361]"
961,"[1119993, 986912, 1082185, 840361, 833025]"
962,"[5590765, 8014645, 7168619, 1082185, 954642]"
964,"[826666, 1106523, 1074754, 1082185, 833025]"
965,"[852015, 844179, 871756, 1082185, 840361]"
966,"[1060418, 1074754, 1029743, 1082185, 840361]"
968,"[1108094, 1075368, 1082185, 822785, 1044895]"
970,"[1103808, 1122568, 934369, 1082185, 840361]"
971,"[906844, 1075368, 1119399, 840361, 886703]"
972,"[5590765, 1864101, 6632283, 1082185, 840361]"
973,"[9837365, 1000542, 1087713, 981760, 840361]"
974,"[5995129, 1082185, 846764, 981760, 840361]"
975,"[959737, 5569471, 868888, 981760, 840361]"
976,"[826666, 1127831, 1005186, 840361, 833025]"
977,"[1118623, 862349, 1005186, 1082185, 840361]"
978,"[13987010, 951590, 1070820, 840361, 833025]"
979,"[8203342, 1029743, 1082185, 981760, 840361]"
980,"[841236, 912999, 1012587, 1082185, 840361]"
981,"[1013928, 1092937, 5582712, 981760, 840361]"
982,"[860490, 5563693, 962229, 1077359, 1020682]"
983,"[879734, 1029743, 8090521, 981760, 886703]"
984,"[886991, 987562, 861706, 1082185, 840361]"
985,"[1014732, 1029743, 907647, 840361, 1020682]"
986,"[966392, 1116635, 873964, 840361, 9420312]"
987,"[849202, 1070820, 986912, 1020682, 1044895]"
988,"[970866, 1070820, 988116, 840361, 1020682]"
989,"[840372, 1029743, 1089766, 981760, 840361]"
992,"[827939, 1005186, 1063207, 981760, 840361]"
993,"[857550, 8293439, 995242, 1044895, 952317]"
994,"[948239, 958137, 844179, 981760, 840361]"
996,"[948670, 1133018, 923746, 833025, 1044895]"
998,"[1000753, 8090521, 1037840, 840361, 952317]"
1000,"[9677366, 12427353, 986912, 981760, 840361]"
1001,"[1083599, 997987, 1104475, 833025, 1020682]"
1002,"[837569, 1044703, 928589, 1082185, 981760]"
1004,"[899019, 859154, 995242, 840361, 833025]"
1005,"[12731685, 847982, 921744, 1082185, 833025]"
1006,"[830224, 5569471, 827999, 1082185, 840361]"
1008,"[6772676, 910473, 821970, 1082185, 840361]"
1010,"[906335, 1036093, 10284966, 981760, 840361]"
1011,"[1095964, 1029605, 916122, 1082185, 840361]"
1014,"[6533765, 923746, 981760, 833025, 1020682]"
1015,"[942565, 1037332, 947412, 981760, 833025]"
1016,"[1110111, 1126899, 951412, 981760, 840361]"
1017,"[5566398, 8090537, 1102829, 1082185, 1134522]"
1018,"[1034176, 1070820, 951590, 833025, 943233]"
1019,"[970152, 996425, 1028816, 1009449, 1020682]"
1020,"[904129, 1070820, 1082185, 840361, 1044895]"
1021,"[13417853, 1029743, 10345155, 833025, 952317]"
1023,"[926884, 9859182, 936830, 1082185, 840361]"
1024,"[874972, 1097001, 1106523, 840361, 1020682]"
1025,"[1071845, 1106523, 8090521, 981760, 943233]"
1027,"[12731660, 1132771, 1059075, 833025, 1020682]"
1029,"[1048257, 896666, 1040807, 833025, 1020682]"
1032,"[6979241, 42521, 62804, 1082185, 840361]"
1034,"[1059225, 1126899, 934639, 840361, 833025]"
1036,"[5568758, 1067695, 923746, 981760, 1020682]"
1037,"[9858744, 1036262, 12757398, 1082185, 961846]"
1039,"[1021324, 9419422, 1029743, 1094107, 1020682]"
1040,"[6424403, 910473, 1126899, 981760, 840361]"
1041,"[852015, 1106523, 1127470, 1082185, 1020682]"
1042,"[948670, 862349, 856772, 1082185, 840361]"
1045,"[1112593, 985893, 935317, 833025, 886703]"
1046,"[1046562, 1005186, 1126899, 1082185, 981760]"
1047,"[12484491, 847982, 1108168, 1082185, 840361]"
1048,"[948670, 1042571, 916993, 840361, 1020682]"
1049,"[1000753, 1005186, 1108131, 981760, 833025]"
1050,"[1004613, 1106523, 951590, 981760, 9420312]"
1051,"[906631, 541711, 762311, 981760, 840361]"
1053,"[8203342, 1005186, 8293426, 1082185, 840361]"
1054,"[6979415, 947779, 8090532, 981760, 1065593]"
1055,"[948670, 1082185, 9575582, 889731, 840361]"
1056,"[1075765, 951590, 1038663, 1082185, 840361]"
1057,"[835861, 916990, 892531, 981760, 840361]"
1058,"[1129049, 918046, 985893, 1082185, 840361]"
1061,"[1038663, 875089, 1106523, 981760, 840361]"
1062,"[906335, 7142552, 1029743, 1082185, 981760]"
1065,"[874972, 951590, 1072917, 981760, 833025]"
1066,"[1126465, 986912, 951590, 840361, 1020682]"
1067,"[1134483, 1029743, 1075368, 981760, 1020682]"
1068,"[1103808, 987562, 937110, 1082185, 840361]"
1069,"[904129, 923314, 995242, 981760, 840361]"
1070,"[1122350, 1029743, 856345, 867188, 1020682]"
1071,"[9396888, 963228, 1093021, 1082185, 1065593]"
1072,"[930283, 907662, 10149656, 981760, 840361]"
1073,"[900248, 1058997, 1013597, 840361, 824546]"
1074,"[860248, 1029743, 990656, 840361, 833025]"
1075,"[6533765, 938554, 1139303, 1082185, 840361]"
1076,"[1034176, 8090521, 1090931, 981760, 840361]"
1077,"[1066327, 951590, 891632, 1082185, 981760]"
1078,"[865233, 1126899, 1026118, 840361, 886703]"
1079,"[6533765, 9296804, 8090956, 981760, 840361]"
1080,"[866548, 949023, 1029743, 1082185, 840361]"
1081,"[956599, 899624, 946995, 840361, 833025]"
1082,"[917384, 1106523, 1051626, 1082185, 840361]"
1083,"[908843, 6391501, 8065410, 1082185, 840361]"
1084,"[1139487, 886103, 951590, 1082185, 833025]"
1085,"[874972, 1029743, 1040807, 1082185, 840361]"
1086,"[12731685, 1008074, 971922, 840361, 833025]"
1088,"[6533765, 1045478, 997011, 1082185, 840361]"
1089,"[982469, 947798, 1029743, 981760, 833025]"
1092,"[1098025, 859075, 962229, 981760, 840361]"
1093,"[904129, 1029743, 967994, 840361, 833025]"
1094,"[899019, 1029743, 951590, 1094955, 952317]"
1095,"[1054432, 835841, 1127831, 1082185, 840361]"
1096,"[1090002, 1035390, 1090676, 840361, 833025]"
1097,"[851066, 8090440, 981677, 1082185, 840361]"
1098,"[864893, 5585510, 9526757, 840361, 886703]"
1099,"[826666, 8090521, 9526410, 1082185, 840361]"
1100,"[6533765, 825703, 997150, 1082185, 840361]"
1101,"[1110572, 1086740, 8019977, 1082185, 840361]"
1103,"[12172071, 1126899, 862535, 1082185, 840361]"
1104,"[867447, 5571261, 1115576, 981760, 840361]"
1105,"[970747, 829617, 838739, 1082185, 840361]"
1106,"[5570351, 12757316, 15926885, 981760, 840361]"
1107,"[1096905, 965766, 1058997, 981760, 840361]"
1109,"[948670, 1109014, 9296957, 1082185, 833025]"
1110,"[833940, 859075, 1070820, 833025, 1020682]"
1111,"[1021324, 1106523, 1003188, 833025, 1065593]"
1112,"[1109481, 1075368, 1010681, 981760, 840361]"
1113,"[1075353, 1126899, 1116821, 833025, 952317]"
1114,"[982469, 1044078, 8090521, 991951, 840361]"
1116,"[5568758, 8090521, 1029743, 981760, 840361]"
1117,"[866548, 1106523, 825176, 833025, 1020682]"
1119,"[897808, 995242, 8177622, 981760, 840361]"
1121,"[950638, 962229, 1092937, 840361, 833025]"
1125,"[822583, 906636, 1133018, 981760, 840361]"
1126,"[9524291, 1126899, 1082185, 981760, 833025]"
1128,"[911778, 1106523, 921406, 840361, 1020682]"
1129,"[12351932, 1096355, 899115, 1082185, 981760]"
1130,"[1025535, 1082185, 1137775, 833025, 952317]"
1131,"[864893, 950206, 1029743, 840361, 833025]"
1133,"[12171861, 1029743, 1082185, 833025, 1020682]"
1134,"[831407, 1106523, 981591, 981760, 840361]"
1135,"[904129, 1029743, 869577, 981760, 833025]"
1136,"[5592344, 1101173, 1106523, 981760, 1020682]"
1137,"[6533765, 885290, 1082185, 1058930, 840361]"
1138,"[12484491, 1022053, 941515, 1082185, 840361]"
1140,"[12808385, 1029743, 916122, 1082185, 840361]"
1142,"[878715, 1067695, 882826, 840361, 1020682]"
1145,"[879734, 1106523, 1005186, 840361, 833025]"
1146,"[6533765, 962967, 1029743, 1135681, 840361]"
1147,"[969725, 1106523, 951590, 1082185, 840361]"
1148,"[8144566, 871754, 823862, 840361, 833025]"
1149,"[950638, 848071, 1041796, 981760, 840361]"
1151,"[982469, 13189919, 1106523, 1082185, 840361]"
1152,"[1110111, 1005186, 1029743, 1082185, 840361]"
1154,"[924006, 1106523, 1053690, 833025, 886703]"
1155,"[844462, 1016800, 6463583, 981760, 1020682]"
1157,"[5588139, 855138, 951590, 840361, 833025]"
1158,"[948670, 1049735, 8357825, 840361, 1020682]"
1159,"[7443320, 6391080, 9676831, 981760, 840361]"
1160,"[6533765, 1106523, 1029624, 1020682, 1044895]"
1163,"[9522059, 1029743, 12263788, 833025, 1044895]"
1164,"[955028, 1070820, 1082185, 840361, 833025]"
1165,"[879734, 5569471, 944139, 981760, 840361]"
1166,"[5566800, 1029743, 1039156, 981760, 840361]"
1167,"[7410087, 1082185, 1070820, 889731, 1020682]"
1168,"[1055044, 1019637, 918372, 981760, 840361]"
1169,"[1038663, 1004950, 846823, 840361, 1020682]"
1170,"[1034176, 1029743, 905817, 1082185, 840361]"
1172,"[1003054, 963686, 1029743, 840361, 833025]"
1174,"[844462, 1063207, 1106523, 840361, 833025]"
1175,"[1053022, 8066803, 963365, 981760, 840361]"
1177,"[7167998, 1062002, 990897, 1082185, 840361]"
1178,"[1054249, 992622, 6464165, 833025, 1020682]"
1179,"[12262978, 962229, 995242, 1110572, 1020682]"
1180,"[1075765, 923746, 1029743, 833025, 909349]"
1181,"[1038663, 1029743, 833241, 1082185, 840361]"
1182,"[259120, 40885, 50905, 1082185, 840361]"
1185,"[1013928, 1106523, 895930, 981760, 840361]"
1186,"[8249140, 1082185, 5578547, 981760, 840361]"
1187,"[8116306, 1038462, 910673, 981760, 840361]"
1188,"[1014732, 1005186, 1133018, 833025, 1065593]"
1189,"[904997, 1106523, 819840, 840361, 833025]"
1190,"[928263, 8090537, 1029743, 886703, 1020682]"
1191,"[874972, 5569230, 951590, 981760, 840361]"
1192,"[958700, 911703, 1133018, 1082185, 840361]"
1193,"[1013928, 8090537, 913210, 833025, 952317]"
1194,"[1000753, 1005186, 901976, 833025, 9420312]"
1195,"[1092750, 1075368, 12384689, 1082185, 840361]"
1196,"[6391152, 901062, 1070820, 981760, 840361]"
1197,"[859877, 1029743, 9189814, 1082185, 840361]"
1201,"[5567715, 8090537, 1053690, 840361, 1065593]"
1202,"[906844, 9925966, 13382402, 840361, 833025]"
1203,"[1069506, 1106523, 951590, 833025, 1020682]"
1205,"[1013928, 1029743, 5571178, 856772, 1044895]"
1206,"[1134483, 1106523, 861494, 1044068, 1044895]"
1207,"[874972, 5569374, 12524245, 1082185, 840361]"
1208,"[10198378, 1031316, 962229, 981760, 840361]"
1209,"[1123222, 1117758, 7115628, 1082185, 840361]"
1211,"[977927, 879504, 1037631, 840361, 1020682]"
1213,"[998239, 1010950, 1077224, 981760, 840361]"
1215,"[5566255, 1088540, 1027835, 1082185, 840361]"
1216,"[969725, 1082185, 999625, 833025, 1020682]"
1217,"[1012514, 962229, 1029743, 833025, 1134522]"
1218,"[906844, 1070820, 857736, 833025, 1020682]"
1219,"[834846, 934369, 921744, 1082185, 981760]"
1221,"[1034176, 1029743, 5585510, 840361, 833025]"
1222,"[12810464, 933835, 1091090, 840361, 1044895]"
1223,"[1021324, 1106523, 5569230, 1082185, 840361]"
1224,"[836445, 1068719, 999779, 911622, 981760]"
1225,"[863762, 1106523, 1092026, 840361, 1065593]"
1226,"[874972, 1070820, 859075, 981760, 1020682]"
1227,"[9553193, 970619, 34160, 1082185, 981760]"
1228,"[1065538, 1005186, 983795, 952317, 886703]"
1229,"[970747, 1070820, 965842, 937614, 1020682]"
1231,"[878715, 961991, 1029743, 833025, 1020682]"
1234,"[933354, 916990, 1042702, 981760, 840361]"
1235,"[1210299, 986187, 1230785, 1082185, 840361]"
1236,"[1038663, 1037840, 965766, 840361, 943233]"
1238,"[970747, 962229, 879922, 840361, 1020682]"
1239,"[944142, 1106523, 940947, 981760, 840361]"
1240,"[8292844, 824005, 6034857, 833025, 1044895]"
1241,"[849202, 1037840, 1029743, 1082185, 840361]"
1242,"[1109605, 844179, 1070820, 833025, 1020682]"
1244,"[1118235, 1139597, 970869, 981760, 840361]"
1245,"[13416117, 969866, 863447, 1082185, 833025]"
1246,"[1139216, 1126899, 848684, 981760, 840361]"
1247,"[970747, 921504, 933835, 840361, 833025]"
1248,"[5571176, 1106523, 951590, 840361, 1020682]"
1251,"[901067, 1102674, 1011832, 1082185, 840361]"
1252,"[1119946, 1052912, 1102959, 1082185, 981760]"
1256,"[832968, 1058939, 1137688, 1082185, 840361]"
1258,"[849202, 5569471, 821787, 833025, 1020682]"
1259,"[12731703, 926903, 916993, 981760, 840361]"
1260,"[1079938, 949257, 925425, 833025, 1020682]"
1261,"[1055044, 1109805, 866211, 981760, 952317]"
1263,"[874972, 1016800, 835578, 840361, 833025]"
1264,"[887474, 1029743, 1136341, 1082185, 840361]"
1265,"[1054402, 1082185, 1042544, 840361, 1020682]"
1266,"[1025535, 935317, 866211, 1082185, 840361]"
1267,"[1108094, 1005186, 9189814, 1082185, 840361]"
1269,"[1000753, 1057260, 9527494, 840361, 833025]"
1270,"[8203976, 1106523, 1026118, 981760, 840361]"
1271,"[12262830, 1082185, 864279, 1020682, 952317]"
1272,"[1120954, 974766, 6514085, 840361, 833025]"
1273,"[841236, 1043830, 838186, 1082185, 840361]"
1274,"[1091342, 5569792, 1070820, 840361, 833025]"
1277,"[12649133, 1106523, 8090521, 833025, 1020682]"
1279,"[1012514, 951590, 969866, 833025, 1020682]"
1280,"[840584, 5978585, 950824, 1082185, 840361]"
1281,"[874972, 970202, 1029616, 1107837, 840361]"
1282,"[9835223, 1106523, 951590, 952317, 886703]"
1284,"[864893, 9526410, 1129322, 1082185, 833025]"
1285,"[904129, 5569230, 1101173, 840361, 833025]"
1287,"[848029, 1130375, 879528, 1082185, 840361]"
1288,"[9419769, 923746, 1082185, 833025, 1020682]"
1289,"[6979364, 1110572, 1055155, 1082185, 840361]"
1290,"[1025535, 8203731, 1133018, 981760, 840361]"
1291,"[1095737, 962229, 837270, 833025, 1020682]"
1293,"[908843, 1044078, 969419, 833025, 9420312]"
1294,"[878715, 1126899, 1116821, 981760, 886703]"
1295,"[1038663, 1029743, 8090521, 981760, 840361]"
1296,"[1007279, 1005186, 935578, 840361, 965543]"
1297,"[900175, 1082185, 867138, 840361, 833025]"
1298,"[909497, 931255, 1096036, 981760, 840361]"
1299,"[13115604, 9526410, 1016129, 1044895, 1020682]"
1300,"[919766, 1106523, 1118627, 981760, 840361]"
1302,"[6919245, 1132948, 998119, 1082185, 840361]"
1303,"[1118946, 1029743, 1091365, 1082185, 1020682]"
1304,"[1118623, 1106523, 1122085, 1082185, 981760]"
1305,"[1112242, 1106523, 944139, 833025, 943233]"
1306,"[1013928, 1005186, 12301839, 1082185, 840361]"
1307,"[6514287, 9802914, 986912, 981760, 840361]"
1312,"[12808385, 1029743, 983584, 833025, 1020682]"
1313,"[5590465, 1029743, 982790, 840361, 833025]"
1314,"[1138423, 1029743, 1102416, 981760, 840361]"
1316,"[939891, 982790, 1029743, 833025, 1020682]"
1317,"[833940, 1029743, 1138292, 981760, 952317]"
1318,"[1055902, 925862, 947427, 840361, 833025]"
1319,"[973802, 947326, 866211, 981760, 840361]"
1320,"[12731432, 878996, 1055790, 981760, 840361]"
1321,"[947858, 1106523, 869622, 833025, 943233]"
1324,"[981748, 1082185, 1029743, 833025, 1044895]"
1325,"[8203757, 923138, 961554, 981760, 840361]"
1326,"[6533765, 1029743, 1002558, 952317, 886703]"
1328,"[6533765, 875089, 951590, 840361, 1020682]"
1329,"[874972, 1096548, 962229, 981760, 840361]"
1330,"[6633167, 1106523, 859075, 1082185, 840361]"
1331,"[948670, 1031316, 1029743, 1011300, 840361]"
1332,"[8203757, 954110, 951412, 840361, 833025]"
1333,"[1029688, 1126899, 888586, 833025, 1020682]"
1334,"[852015, 896974, 969945, 1082185, 840361]"
1335,"[8205778, 1010681, 835973, 1082185, 840361]"
1336,"[1000753, 833025, 916122, 1020682, 952317]"
1337,"[7410217, 923670, 1082185, 833025, 1020682]"
1338,"[6533765, 989985, 1092026, 63162, 840361]"
1340,"[13381928, 990251, 971646, 981760, 840361]"
1345,"[9419769, 1029743, 5569230, 1082185, 981760]"
1347,"[982469, 1107553, 1029743, 833025, 1020682]"
1350,"[836445, 962229, 919534, 1082185, 840361]"
1351,"[12263098, 1106523, 1048373, 1082185, 840361]"
1352,"[1138682, 871722, 900802, 1082185, 981760]"
1353,"[874972, 954642, 5592931, 981760, 1044895]"
1354,"[873085, 995242, 1005186, 833025, 1134522]"
1357,"[866548, 1070820, 1096036, 1082185, 840361]"
1358,"[917384, 995242, 1082185, 981760, 952317]"
1361,"[1107420, 1131634, 6034857, 1082185, 840361]"
1362,"[1097350, 7169088, 921406, 981760, 840361]"
1364,"[1025435, 1005186, 1029743, 1082185, 840361]"
1366,"[5566800, 1082172, 1139827, 1082185, 937845]"
1367,"[970866, 1126899, 15596956, 867188, 952317]"
1368,"[1103513, 916122, 9297191, 833025, 1020682]"
1369,"[857538, 1126899, 985889, 840361, 833025]"
1370,"[1000753, 5563693, 8090539, 1082185, 1020682]"
1372,"[5578358, 1137775, 1017838, 840361, 833025]"
1373,"[5587894, 5569471, 9189640, 1082185, 840361]"
1374,"[921438, 1133018, 944534, 840361, 833025]"
1375,"[899019, 1051516, 1029743, 1020682, 1044895]"
1376,"[1034176, 1029743, 7168055, 833025, 952317]"
1378,"[6552318, 9653535, 1082185, 840361, 833025]"
1379,"[961730, 962229, 1029743, 833025, 952317]"
1382,"[914240, 1029743, 8090508, 1094955, 1020682]"
1383,"[1034176, 1135564, 9527101, 981760, 840361]"
1384,"[904129, 1004906, 923746, 1082185, 833025]"
1385,"[1075765, 1029743, 890909, 840361, 1020682]"
1386,"[6533765, 1005186, 906262, 9487927, 840361]"
1387,"[1000753, 854133, 1017369, 1082185, 840361]"
1388,"[822583, 1022066, 1010190, 833025, 886703]"
1389,"[978614, 1058997, 1034189, 840361, 833025]"
1390,"[882308, 5569230, 12648296, 981760, 833025]"
1391,"[970866, 873627, 1110624, 840361, 833025]"
1392,"[837569, 913278, 1135983, 840361, 833025]"
1393,"[5585068, 1058997, 6919082, 833025, 1044895]"
1394,"[870559, 862349, 962229, 840361, 833025]"
1395,"[916578, 1048462, 6533608, 1082185, 840361]"
1397,"[6533765, 918046, 1106523, 1020682, 1044895]"
1398,"[1119993, 844179, 850676, 1082185, 840361]"
1399,"[8016020, 1082185, 995242, 981760, 840361]"
1402,"[1000753, 5592270, 939789, 833025, 1020682]"
1403,"[1013928, 1075368, 5569230, 840361, 833025]"
1404,"[1065538, 1029743, 1057315, 981760, 840361]"
1405,"[871563, 1082185, 6533581, 981760, 1020682]"
1406,"[826666, 1082185, 1138443, 981760, 1020682]"
1407,"[1034868, 951590, 1127701, 840361, 833025]"
1408,"[7443069, 951590, 8090956, 981760, 840361]"
1409,"[942565, 1116050, 908531, 833025, 1020682]"
1410,"[874972, 1029743, 859075, 981760, 840361]"
1412,"[1058754, 1029743, 8090539, 840361, 1134522]"
1413,"[9396767, 522342, 569569, 981760, 840361]"
1415,"[952394, 9296581, 902640, 1082185, 840361]"
1417,"[10198378, 835243, 873964, 1082185, 840361]"
1418,"[1129296, 1082185, 954778, 833025, 961846]"
1419,"[1017075, 1106523, 920844, 840361, 1044895]"
1420,"[378794, 1029743, 201704, 981760, 840361]"
1421,"[904129, 8090521, 1053690, 1020682, 952317]"
1423,"[913465, 5981267, 927080, 981760, 840361]"
1424,"[1071302, 1082212, 1029743, 981760, 833025]"
1425,"[1025535, 951590, 1029743, 833025, 1020682]"
1426,"[901067, 1082990, 844165, 1082185, 840361]"
1427,"[9524291, 995242, 923746, 833025, 1020682]"
1428,"[969601, 1029743, 1003188, 981760, 886703]"
1429,"[948670, 926909, 1126899, 1082185, 840361]"
1430,"[906844, 1126899, 9677202, 952317, 886703]"
1431,"[874112, 1110572, 1060292, 981760, 840361]"
1433,"[849202, 842470, 873627, 1082185, 840361]"
1434,"[1004436, 5979833, 1075368, 833025, 1020682]"
1437,"[874972, 995242, 1044078, 952317, 1020682]"
1438,"[9677366, 1028816, 962266, 981760, 840361]"
1439,"[1034868, 1050851, 978129, 1082185, 840361]"
1440,"[874972, 1106523, 844165, 1082185, 840361]"
1443,"[906844, 965050, 945662, 981760, 840361]"
1445,"[1098025, 6034857, 8090509, 1020682, 1044895]"
1446,"[1121041, 896375, 6391134, 1082185, 833025]"
1447,"[6391137, 844165, 1019099, 981760, 840361]"
1448,"[9677200, 1029743, 1101010, 833025, 1020682]"
1450,"[6533765, 9527417, 1096036, 1082185, 840361]"
1451,"[1038663, 1082185, 1070820, 1044895, 1020682]"
1452,"[1013928, 1118533, 837495, 981760, 840361]"
1453,"[1044324, 1138189, 1005186, 981760, 833025]"
1454,"[1108094, 878996, 1029743, 1020682, 1044895]"
1457,"[836445, 987724, 1044078, 981760, 840361]"
1458,"[874972, 962266, 845208, 840361, 833025]"
1459,"[874972, 948832, 934948, 981760, 840361]"
1460,"[997272, 995965, 1133018, 833025, 1044895]"
1461,"[1000753, 1029743, 1082185, 833025, 1020682]"
1462,"[968072, 885290, 997423, 981760, 840361]"
1463,"[846474, 8090560, 6391497, 981760, 833025]"
1465,"[9655679, 1039156, 837669, 981760, 840361]"
1466,"[10201791, 1029743, 949294, 981760, 840361]"
1467,"[860248, 1085604, 1110572, 1082185, 981760]"
1470,"[878184, 1029743, 1063739, 840361, 833025]"
1471,"[1079186, 913210, 12524588, 1082185, 840361]"
1473,"[9522059, 1126899, 10344585, 981760, 1048260]"
1474,"[849202, 1106523, 883932, 833025, 952317]"
1475,"[1048257, 1057260, 969568, 840361, 1020682]"
1476,"[1057749, 995242, 907099, 981760, 840361]"
1477,"[923776, 961979, 986912, 1082185, 840361]"
1479,"[6979415, 977374, 1029743, 834103, 1065593]"
1481,"[6533765, 995242, 951590, 833025, 1020682]"
1483,"[6533765, 5569230, 1083446, 1058779, 1020682]"
1484,"[1118623, 1058997, 1127831, 1082185, 981760]"
1485,"[878715, 1106523, 1075368, 981760, 840361]"
1486,"[1076842, 1126899, 1038985, 1082185, 840361]"
1487,"[1083813, 940947, 5569230, 981760, 840361]"
1488,"[6979415, 1110572, 1082185, 981760, 840361]"
1489,"[9488065, 1029743, 934427, 833025, 5580793]"
1490,"[874972, 9297574, 995242, 1082185, 840361]"
1491,"[981677, 1029743, 928749, 840361, 1020682]"
1492,"[12731517, 995242, 1102959, 1020682, 1044895]"
1493,"[1109376, 1097001, 1106523, 1082185, 840361]"
1494,"[836445, 838797, 1068719, 981760, 833025]"
1495,"[831407, 986912, 1040927, 840361, 833025]"
1496,"[5591438, 951590, 1029743, 1082185, 840361]"
1498,"[6979634, 862725, 969494, 981760, 840361]"
1501,"[1081280, 1070820, 1082185, 833025, 1020682]"
1502,"[849202, 1082185, 1070820, 969419, 981760]"
1503,"[5585510, 1116050, 820347, 981760, 840361]"
1505,"[849202, 1005186, 1043920, 1082185, 961846]"
1506,"[1013928, 959985, 1044078, 1048462, 1020682]"
1507,"[12731727, 873654, 879755, 1082185, 981760]"
1508,"[916062, 1126899, 932949, 1082185, 840361]"
1509,"[5572957, 1028422, 1029743, 981760, 833025]"
1510,"[6533765, 986912, 1005186, 1082185, 833025]"
1511,"[939891, 1106523, 7146026, 833025, 1020682]"
1512,"[904129, 947798, 1029743, 1082185, 840361]"
1513,"[1097350, 1030398, 1137346, 1082185, 840361]"
1514,"[944142, 1126899, 972357, 840361, 833025]"
1515,"[903058, 962229, 911454, 840361, 1044895]"
1517,"[1000320, 1070820, 951590, 833025, 1020682]"
1518,"[12262978, 1029743, 1124029, 981760, 840361]"
1519,"[1108094, 5569230, 1070820, 1082185, 833025]"
1520,"[12808385, 1029743, 5577022, 981760, 840361]"
1521,"[12262978, 871440, 883932, 981760, 1065593]"
1525,"[883819, 1029743, 911622, 981760, 909349]"
1526,"[12810391, 844165, 7166723, 840361, 833025]"
1527,"[8116306, 1029743, 951590, 1020682, 952317]"
1528,"[1028289, 1006922, 1075368, 840361, 833025]"
1529,"[13213240, 965530, 993466, 840361, 833025]"
1532,"[1044489, 5569471, 1039156, 1082185, 840361]"
1534,"[864893, 1070820, 982799, 1082185, 1071757]"
1535,"[1002787, 1106523, 844179, 840361, 1020682]"
1536,"[1108094, 8090532, 1075368, 840361, 886703]"
1537,"[6391137, 1029743, 5569230, 840361, 943233]"
1539,"[938138, 1067434, 824193, 1082185, 840361]"
1540,"[1013928, 911311, 987562, 1082185, 952317]"
1541,"[970866, 1029743, 849578, 840361, 833025]"
1543,"[855321, 1096573, 1053690, 833025, 943233]"
1544,"[1069506, 964594, 909249, 981760, 840361]"
1545,"[899019, 1106523, 1015694, 1020682, 1044895]"
1546,"[1038663, 1070129, 965766, 9420312, 1044895]"
1547,"[6979253, 893501, 995242, 1082185, 840361]"
1548,"[1134483, 1029743, 1053690, 840361, 1020682]"
1549,"[6533765, 986912, 1106523, 1082185, 840361]"
1550,"[6533765, 1106523, 9707137, 1082185, 9420312]"
1555,"[9527424, 856687, 831559, 833025, 952317]"
1556,"[948670, 1082185, 995242, 981760, 1020682]"
1557,"[1020208, 1106523, 901776, 833025, 1020682]"
1558,"[5588817, 5569374, 1030093, 981760, 840361]"
1559,"[948239, 1075368, 1026945, 981760, 840361]"
1560,"[9835223, 1021519, 1029743, 981760, 840361]"
1563,"[891960, 1039156, 957951, 840361, 833025]"
1564,"[1066276, 1046689, 1049084, 981760, 833025]"
1565,"[948670, 1402876, 1140100, 1252394, 840361]"
1566,"[943940, 1118623, 976199, 1020682, 1044895]"
1567,"[1022226, 1082185, 1133018, 833025, 1020682]"
1568,"[12731543, 882489, 1051323, 981760, 840361]"
1569,"[904997, 995242, 856827, 1082185, 840361]"
1574,"[10198378, 977499, 916122, 840361, 833025]"
1575,"[871402, 900802, 1119405, 981760, 833025]"
1576,"[1041925, 911162, 1037863, 1082185, 840361]"
1577,"[969725, 1029743, 997796, 840361, 886703]"
1578,"[874972, 916122, 952781, 900021, 840361]"
1579,"[938074, 1029743, 951590, 1020682, 886703]"
1580,"[6533765, 1005186, 1106301, 1082185, 840361]"
1581,"[1078717, 14050485, 1029743, 840361, 833025]"
1583,"[1015548, 1114653, 824005, 1082185, 840361]"
1584,"[8293437, 957736, 1028891, 840361, 833025]"
1585,"[1076842, 1126899, 5569471, 981760, 833025]"
1586,"[7160763, 958067, 1135681, 1082185, 840361]"
1587,"[1055022, 1029743, 953539, 1082185, 886703]"
1588,"[5592657, 1082185, 6034857, 833025, 1020682]"
1590,"[1021324, 1028891, 1029743, 840361, 1044895]"
1591,"[849202, 1070820, 1001827, 833025, 1020682]"
1592,"[924596, 1110764, 10201384, 1082185, 840361]"
1593,"[860248, 873203, 1082185, 981760, 833025]"
1594,"[6533765, 1106523, 1101010, 981760, 840361]"
1595,"[848412, 1110042, 1006555, 840361, 1020682]"
1596,"[1004436, 10355612, 1046816, 1082185, 840361]"
1598,"[938138, 951590, 995242, 991951, 1044895]"
1599,"[1013928, 1043590, 951590, 833025, 1020682]"
1602,"[849202, 1029743, 1006483, 840361, 833025]"
1604,"[15972298, 832678, 1051211, 1082185, 840361]"
1605,"[948670, 1005186, 1079023, 1088628, 840361]"
1607,"[1129296, 5569230, 1091365, 981760, 840361]"
1608,"[1092878, 1029743, 1066893, 1082185, 840361]"
1609,"[910525, 6632283, 1082185, 840361, 833025]"
1611,"[1023095, 8181555, 1029743, 981760, 840361]"
1612,"[1046562, 1082185, 1126899, 833025, 1044895]"
1613,"[12262830, 1029743, 823576, 840361, 833025]"
1614,"[1211227, 1082185, 995852, 981760, 840361]"
1615,"[948670, 995242, 9835619, 1082185, 1134522]"
1617,"[836445, 997796, 1106523, 981760, 833025]"
1618,"[7443436, 862349, 1006184, 833025, 1020682]"
1619,"[904997, 1082185, 970160, 840361, 833025]"
1620,"[884572, 1106523, 1110572, 1082185, 1044895]"
1621,"[874972, 1106523, 1092026, 1085604, 1020682]"
1622,"[948670, 928123, 1026209, 840361, 833025]"
1623,"[6533765, 1106523, 948832, 840361, 833025]"
1624,"[1118946, 5569230, 986912, 840361, 833025]"
1625,"[1000753, 1110843, 1106523, 1082185, 840361]"
1627,"[6533765, 861184, 880427, 981760, 840361]"
1629,"[1055548, 881154, 1085983, 1082185, 840361]"
1630,"[865671, 1107760, 1128861, 840361, 833025]"
1631,"[829291, 1029743, 5569327, 981760, 1134522]"
1632,"[878715, 1070820, 916993, 833025, 1020682]"
1633,"[948670, 1029743, 1064213, 952317, 886703]"
1634,"[828339, 907631, 1044078, 9487927, 1065593]"
1635,"[919766, 957951, 830628, 1082185, 840361]"
1636,"[1025535, 844441, 1106523, 1110081, 840361]"
1637,"[1118144, 1014948, 1082185, 981760, 840361]"
1638,"[1058997, 846823, 1024306, 1082185, 840361]"
1639,"[1038663, 1106523, 8090537, 981760, 840361]"
1640,"[12172071, 8090521, 1075368, 834103, 1020682]"
1641,"[1095652, 1126899, 1076875, 1082185, 840361]"
1642,"[1099510, 845208, 1106523, 840361, 833025]"
1643,"[1065538, 1106523, 1016800, 1082185, 840361]"
1644,"[1134483, 820895, 831628, 1082185, 840361]"
1647,"[1000753, 981760, 887503, 1082185, 840361]"
1648,"[848029, 1106523, 845208, 833025, 1020682]"
1649,"[1018184, 970030, 1082185, 981760, 840361]"
1650,"[874972, 944137, 1091520, 840361, 833025]"
1651,"[927981, 1135822, 1114483, 1082185, 833025]"
1653,"[6533765, 1082185, 1029743, 840361, 952317]"
1654,"[921438, 9553347, 926737, 981760, 840361]"
1656,"[1103513, 986912, 6533362, 1082185, 981760]"
1657,"[6533765, 1106523, 1006649, 1082185, 840361]"
1658,"[833940, 885290, 1070845, 840361, 833025]"
1659,"[1119946, 1029743, 824005, 1082185, 833025]"
1660,"[1027480, 955854, 1106523, 981760, 840361]"
1661,"[824977, 1082185, 865705, 840361, 1020682]"
1662,"[1079913, 880427, 1126899, 1096280, 840361]"
1663,"[1122350, 13189983, 1092118, 1082185, 840361]"
1664,"[1000753, 868764, 1048208, 1082185, 1020682]"
1665,"[948684, 1096960, 986912, 981760, 840361]"
1666,"[976809, 1048462, 889649, 981760, 840361]"
1668,"[12987924, 1062854, 1106523, 840361, 1048260]"
1671,"[904129, 1126899, 901062, 981760, 840361]"
1672,"[931864, 1082185, 1043590, 981760, 909349]"
1673,"[860248, 1053690, 1106523, 840361, 1020682]"
1676,"[884906, 1026258, 1028816, 981760, 840361]"
1677,"[5568758, 1029743, 927851, 840361, 833025]"
1678,"[873324, 1106523, 844179, 981760, 1020682]"
1679,"[945673, 986912, 1133448, 1082185, 840361]"
1680,"[886451, 6443350, 1058997, 840361, 833025]"
1681,"[899019, 1029743, 901776, 833025, 1020682]"
1684,"[1134678, 1106523, 9881593, 840361, 833025]"
1685,"[863436, 1091365, 915905, 1082185, 981760]"
1686,"[891901, 953539, 1005186, 1082185, 840361]"
1687,"[1085392, 5995603, 1126899, 840361, 833025]"
1688,"[1071302, 1029743, 1139525, 1082185, 981760]"
1689,"[916578, 835300, 1000753, 981760, 840361]"
1690,"[1094566, 951590, 883871, 981760, 840361]"
1691,"[1036495, 874563, 933835, 1082185, 981760]"
1692,"[6533765, 1029743, 1044078, 840361, 833025]"
1693,"[8203351, 1126899, 993466, 981760, 840361]"
1694,"[6533765, 951590, 835098, 1082185, 840361]"
1695,"[1134483, 1102959, 991150, 981760, 840361]"
1697,"[829291, 1029743, 1044078, 1082185, 840361]"
1698,"[9831469, 5585510, 965267, 981760, 840361]"
1699,"[874972, 1089066, 1043494, 1082185, 840361]"
1700,"[6533765, 930385, 1100856, 882288, 840361]"
1702,"[917384, 899624, 962229, 981760, 840361]"
1703,"[1002787, 1106523, 1135868, 1082185, 840361]"
1704,"[873324, 1407216, 12384431, 1082185, 840361]"
1705,"[986596, 13842090, 995242, 1082185, 1065593]"
1706,"[860248, 831587, 1110764, 1082185, 840361]"
1707,"[843076, 861445, 1085604, 833025, 1020682]"
1708,"[9832861, 951590, 1029743, 840361, 833025]"
1710,"[13213240, 5569074, 1082185, 833025, 1020682]"
1711,"[906844, 1029743, 934369, 981760, 840361]"
1712,"[1085392, 840361, 1082185, 981760, 833025]"
1713,"[1082627, 851188, 893362, 981760, 840361]"
1714,"[1000753, 992529, 945244, 1036325, 840361]"
1715,"[10356811, 981760, 942151, 1082185, 840361]"
1716,"[917384, 5592931, 995242, 1082185, 840361]"
1717,"[1138682, 1029743, 899682, 1082185, 840361]"
1718,"[1000753, 1137775, 6773097, 981760, 833025]"
1719,"[1138682, 1070820, 916993, 981760, 833025]"
1720,"[1074449, 1077359, 862349, 1082185, 833025]"
1721,"[12695717, 12524174, 962844, 1082185, 840361]"
1722,"[906335, 1126899, 987562, 833025, 1020682]"
1723,"[870559, 13776765, 922561, 1082185, 840361]"
1724,"[1119946, 861973, 1126899, 840361, 954642]"
1726,"[1059401, 1044487, 1071446, 1082185, 840361]"
1728,"[5995072, 946055, 1029743, 1082185, 840361]"
1729,"[849202, 1110843, 1029743, 840361, 886703]"
1730,"[6533765, 1031864, 1000334, 1082185, 840361]"
1731,"[1025535, 1126899, 5569135, 981760, 840361]"
1733,"[5566800, 894439, 6904613, 1082185, 840361]"
1735,"[995151, 1082990, 951590, 1020682, 1044895]"
1737,"[948670, 849003, 1082185, 927299, 981760]"
1738,"[9835223, 922847, 1040807, 1082185, 840361]"
1739,"[9522059, 1106523, 5568378, 981760, 952317]"
1740,"[997272, 1074333, 12946027, 1082185, 840361]"
1742,"[908843, 1036020, 929018, 1082185, 840361]"
1743,"[958594, 990797, 993685, 1082185, 943233]"
1744,"[1069506, 1106523, 939681, 981760, 840361]"
1745,"[1038663, 871756, 902377, 840361, 833025]"
1746,"[5571176, 1106523, 1075368, 981760, 1020682]"
1747,"[1038663, 6979005, 1106523, 981760, 840361]"
1748,"[982469, 891505, 1106523, 840361, 1020682]"
1749,"[849066, 1042571, 934399, 840361, 1020682]"
1750,"[9857388, 1082185, 909714, 840361, 886703]"
1751,"[882308, 1070820, 5569230, 840361, 1020682]"
1752,"[6533765, 951590, 1106523, 1134522, 1020682]"
1753,"[1124939, 986912, 901543, 840361, 961846]"
1754,"[6533765, 1029743, 1139569, 1082185, 1020682]"
1755,"[1117444, 999714, 951590, 981760, 833025]"
1758,"[1082627, 917482, 1126899, 981760, 840361]"
1759,"[1013928, 1126899, 888111, 981760, 833025]"
1760,"[1129049, 5568339, 983584, 981760, 840361]"
1761,"[12810389, 1133018, 854852, 981760, 833025]"
1762,"[930486, 1029743, 983584, 1044895, 1134522]"
1763,"[1118623, 1106523, 1075368, 833025, 1020682]"
1764,"[6633031, 1126899, 5565925, 1082185, 833025]"
1766,"[1069506, 880714, 1005186, 1082185, 840361]"
1767,"[1000753, 986912, 1116635, 879755, 1044895]"
1768,"[827894, 12946027, 899624, 1082185, 833025]"
1769,"[900379, 999625, 5563693, 1082185, 840361]"
1770,"[874972, 919126, 7410336, 981760, 833025]"
1771,"[983683, 1102955, 1101582, 1082185, 840361]"
1773,"[1070723, 834158, 925112, 1082185, 981760]"
1774,"[1093355, 8090537, 990797, 1082185, 840361]"
1775,"[5995129, 1082185, 1126899, 981760, 1020682]"
1776,"[948670, 986912, 1082185, 849843, 840361]"
1777,"[877628, 989249, 1126899, 840361, 833025]"
1778,"[1015785, 1029743, 1004906, 840361, 1054215]"
1779,"[12812261, 1070820, 845208, 1044895, 952317]"
1781,"[981127, 6772803, 878996, 981760, 840361]"
1783,"[7410347, 1058997, 9835509, 1075074, 1020682]"
1784,"[5592232, 1074541, 942669, 981760, 840361]"
1785,"[8203342, 1126899, 993466, 1082185, 981760]"
1786,"[1119993, 1075445, 8181282, 1082185, 840361]"
1788,"[943320, 909714, 957080, 1082185, 840361]"
1789,"[10308337, 907128, 1109778, 1082185, 840361]"
1790,"[1082955, 1082185, 883932, 840361, 833025]"
1791,"[8160301, 854607, 976199, 840361, 1020682]"
1792,"[1118946, 1075368, 962229, 1082185, 840361]"
1793,"[5591777, 939636, 969866, 840361, 1020682]"
1794,"[1012992, 5569230, 1106301, 981760, 840361]"
1795,"[1000753, 862349, 993441, 840361, 1020682]"
1796,"[1103808, 1029743, 1013578, 981760, 1134522]"
1797,"[944018, 829621, 1112825, 840361, 833025]"
1799,"[1004122, 1080884, 1026118, 1082185, 981760]"
1801,"[1013928, 1128163, 824037, 1082185, 840361]"
1802,"[923930, 1101653, 885290, 840361, 833025]"
1803,"[939860, 1086001, 826690, 840361, 1020682]"
1804,"[948670, 1029743, 1127831, 833025, 1020682]"
1805,"[1065017, 1075368, 931255, 1082185, 840361]"
1806,"[836445, 1029743, 839094, 833025, 1020682]"
1807,"[929178, 1112825, 7025114, 6703789, 1020682]"
1808,"[1071209, 1005186, 1037840, 1082185, 840361]"
1809,"[899019, 9297059, 1039156, 1044895, 952317]"
1810,"[1108094, 7433029, 903529, 1082185, 840361]"
1812,"[829291, 1075282, 5591490, 981760, 876932]"
1814,"[827911, 43020, 197681, 1082185, 981760]"
1815,"[829291, 9526410, 1029743, 981760, 840361]"
1816,"[9526574, 1029743, 9419465, 981760, 961846]"
1817,"[1020208, 1005274, 995242, 840361, 833025]"
1818,"[1134736, 837076, 960641, 981760, 840361]"
1819,"[924006, 995242, 995965, 1082185, 833025]"
1820,"[12984576, 8090546, 1082185, 840361, 1020682]"
1821,"[13038711, 1106523, 983584, 981760, 1044895]"
1823,"[1021164, 1070820, 1082185, 833025, 1071757]"
1824,"[966718, 1106523, 5569471, 1082185, 840361]"
1826,"[5586797, 1029743, 991630, 1082185, 840361]"
1827,"[866488, 1029743, 907631, 1082185, 840361]"
1829,"[921438, 914753, 7152319, 981760, 840361]"
1831,"[12810391, 1082185, 909268, 981760, 840361]"
1833,"[874972, 1106523, 819063, 981760, 1020682]"
1834,"[1054402, 1029743, 944139, 856772, 1020682]"
1835,"[5575597, 1026258, 1024306, 1020682, 1044895]"
1837,"[835630, 8090537, 8353105, 840361, 833025]"
1839,"[5569615, 9553048, 9297156, 1082185, 981760]"
1841,"[12810391, 925350, 1062572, 1082185, 833025]"
1842,"[866488, 993638, 965267, 833025, 1020682]"
1843,"[849202, 870165, 7433753, 981760, 840361]"
1845,"[1061228, 1126899, 1127831, 981760, 840361]"
1846,"[12810472, 5569471, 1029743, 1082185, 840361]"
1847,"[6533765, 951590, 1070820, 1082185, 833025]"
1848,"[9419769, 1135834, 892573, 833025, 1020682]"
1849,"[1099510, 1005186, 1029743, 981760, 840361]"
1850,"[894499, 1127831, 862349, 833025, 1044895]"
1852,"[948670, 1082185, 1127831, 833025, 1020682]"
1854,"[5565086, 1055504, 862822, 1082185, 840361]"
1856,"[948670, 986912, 978077, 1081189, 886703]"
1857,"[12262830, 1031316, 1092026, 981760, 840361]"
1858,"[860248, 8119101, 992986, 981760, 840361]"
1859,"[6979437, 7443278, 6391063, 1082185, 840361]"
1861,"[844462, 1029743, 1108131, 840361, 833025]"
1864,"[1014956, 965842, 1024306, 833025, 1020682]"
1865,"[1130729, 939789, 1070820, 981760, 840361]"
1866,"[6554243, 928092, 1053282, 981760, 840361]"
1867,"[849202, 5569845, 994894, 1082185, 961846]"
1868,"[1103808, 8090537, 983078, 1082185, 9420312]"
1869,"[8020166, 1126899, 5565925, 833025, 1020682]"
1870,"[1070820, 914318, 10284879, 1082185, 840361]"
1871,"[5568758, 922444, 1082185, 981760, 840361]"
1872,"[1108094, 12263408, 5574358, 981760, 833025]"
1873,"[6533765, 1106523, 962229, 840361, 833025]"
1875,"[1129085, 890597, 13002975, 981760, 833025]"
1877,"[1013928, 1075470, 1029743, 981760, 952317]"
1879,"[948670, 951590, 1070803, 840361, 833025]"
1880,"[1038663, 1106523, 1061220, 840361, 9420312]"
1881,"[1112592, 852360, 901062, 833025, 1020682]"
1884,"[1078356, 820301, 983267, 1082185, 840361]"
1886,"[1067608, 1106523, 1092026, 1082185, 9420312]"
1887,"[943275, 1039348, 839346, 840361, 833025]"
1889,"[948239, 1132911, 1022848, 981760, 840361]"
1890,"[1072524, 1126899, 961554, 981760, 840361]"
1892,"[6533765, 1093413, 6979089, 1020682, 1044895]"
1893,"[859877, 918684, 988693, 1082185, 840361]"
1894,"[1065538, 962229, 1070227, 840361, 833025]"
1895,"[1082069, 1044078, 917033, 981760, 833025]"
1896,"[874972, 1082185, 12263788, 981760, 833025]"
1899,"[5568758, 951590, 1029743, 833025, 1020682]"
1900,"[9831557, 898847, 920002, 981760, 833025]"
1901,"[1013928, 1005186, 988009, 906262, 952317]"
1902,"[1129049, 1056509, 962229, 833025, 952317]"
1905,"[1110111, 1029743, 1005456, 1082185, 981760]"
1906,"[1034176, 871633, 1115800, 840361, 1020682]"
1907,"[12185568, 1057260, 1075368, 1082185, 952317]"
1909,"[955259, 884333, 5592734, 1082185, 840361]"
1911,"[1038663, 1118033, 1058997, 1082185, 840361]"
1912,"[956400, 865026, 1106523, 1082185, 840361]"
1914,"[1089758, 5574377, 948640, 1082185, 840361]"
1916,"[982320, 885290, 969866, 833025, 1065593]"
1917,"[975085, 1029743, 1010190, 833025, 1020682]"
1918,"[1118235, 1029743, 1082185, 840361, 833025]"
1919,"[1032819, 1106523, 1059080, 833025, 1020682]"
1920,"[9677366, 1019643, 1079941, 840361, 833025]"
1921,"[1000753, 954642, 962671, 1082185, 1020682]"
1922,"[12262679, 1082185, 10457044, 981760, 840361]"
1923,"[8249164, 992986, 961554, 981760, 840361]"
1924,"[908843, 965772, 983584, 981760, 840361]"
1925,"[904997, 1106523, 1082185, 840361, 833025]"
1926,"[12262830, 8118508, 916122, 1082185, 840361]"
1927,"[913482, 951590, 5585510, 1020682, 952317]"
1928,"[948670, 983584, 1110572, 981760, 840361]"
1929,"[849202, 951590, 943393, 840361, 1020682]"
1930,"[5575597, 935460, 1122358, 840361, 1020682]"
1931,"[831407, 1082185, 1048727, 1020682, 1044895]"
1932,"[12262778, 951590, 10344971, 833025, 1020682]"
1933,"[944018, 1106523, 1093413, 833025, 1020682]"
1935,"[998519, 1126899, 999104, 840361, 833025]"
1936,"[849066, 1029743, 861445, 840361, 833025]"
1937,"[5592071, 1093603, 1131312, 981760, 840361]"
1938,"[1069863, 8293439, 6533936, 1082185, 840361]"
1939,"[865907, 859075, 896085, 840361, 1020682]"
1940,"[9361956, 1096317, 950118, 981760, 840361]"
1941,"[847057, 947798, 1133018, 1082185, 840361]"
1942,"[6704452, 1110572, 5569230, 1082185, 833025]"
1943,"[6533765, 1029743, 7152455, 840361, 833025]"
1944,"[926823, 1070820, 880427, 840361, 833025]"
1945,"[865907, 1029743, 1064086, 1082185, 840361]"
1946,"[13417853, 1082185, 1070820, 833025, 1020682]"
1947,"[8353115, 845307, 1028938, 1077359, 1020682]"
1948,"[15511396, 916993, 1058997, 1082185, 833025]"
1949,"[908843, 1038038, 962229, 840361, 909349]"
1950,"[9835223, 921504, 1126895, 1082185, 840361]"
1951,"[5568411, 1127831, 947211, 1082185, 840361]"
1952,"[1093539, 1029743, 995502, 1082185, 840361]"
1953,"[12812261, 916122, 944137, 1082185, 840361]"
1954,"[1129049, 1026118, 1084036, 981760, 833025]"
1955,"[886991, 1063739, 1082185, 833025, 1044895]"
1956,"[970866, 1126899, 933835, 981760, 833025]"
1957,"[13115590, 1029743, 9245108, 981760, 840361]"
1958,"[15687044, 6703789, 824005, 981760, 886703]"
1959,"[866548, 923746, 896085, 1082185, 981760]"
1960,"[12731702, 839656, 1044078, 981760, 840361]"
1961,"[1061228, 1106523, 928123, 840361, 943233]"
1962,"[12262679, 1056509, 1076580, 981760, 840361]"
1963,"[849202, 886996, 5569374, 907652, 840361]"
1964,"[948670, 862732, 870428, 840361, 833025]"
1965,"[5571176, 967661, 1071812, 981760, 1020682]"
1966,"[5590965, 1082185, 7025106, 1020682, 1134522]"
1967,"[933361, 1031833, 13190349, 833025, 886703]"
1968,"[887474, 902856, 1082212, 833025, 1020682]"
1969,"[1013928, 1029743, 873964, 840361, 943233]"
1970,"[1013928, 1108131, 1072086, 1082185, 1134522]"
1972,"[6533765, 1042942, 950093, 981760, 840361]"
1975,"[1036495, 5574377, 1108055, 833025, 1044895]"
1976,"[849202, 1082990, 1106523, 840361, 1065593]"
1979,"[910615, 1106523, 888586, 981760, 840361]"
1980,"[824593, 935993, 8090541, 1082185, 1020682]"
1981,"[898840, 1126899, 1082212, 981760, 840361]"
1982,"[975792, 1082185, 1071759, 840361, 886703]"
1983,"[1082627, 1029743, 7168026, 1082185, 1020682]"
1984,"[843171, 1082185, 1029743, 981760, 840361]"
1985,"[8116306, 1106523, 1082185, 981760, 1020682]"
1987,"[12330909, 1271704, 1195889, 1082185, 840361]"
1988,"[874972, 1106523, 946995, 981760, 833025]"
1989,"[1077208, 1005186, 898847, 1082185, 840361]"
1990,"[9655219, 1029743, 856942, 833025, 1020682]"
1993,"[901067, 991951, 1004906, 981760, 886703]"
1994,"[1029688, 1091365, 5568378, 1082185, 840361]"
1995,"[8353115, 1029743, 901062, 981760, 1020682]"
1996,"[948239, 1126899, 6034577, 1082185, 840361]"
1997,"[1007849, 821083, 991575, 840361, 833025]"
1998,"[1036495, 1053690, 827683, 1082185, 840361]"
1999,"[7410161, 995242, 935968, 981760, 840361]"
2001,"[1106872, 1126899, 1127831, 840361, 833025]"
2002,"[848029, 1106523, 1082185, 981760, 840361]"
2004,"[10180500, 1055425, 8177622, 833025, 1134522]"
2005,"[8203342, 951590, 1068719, 1082185, 840361]"
2006,"[909497, 893501, 5569471, 840361, 833025]"
2007,"[1021164, 1106523, 1092303, 1082185, 833025]"
2008,"[9655629, 1126899, 5570383, 840361, 833025]"
2010,"[826666, 857130, 843898, 981760, 840361]"
2011,"[12262778, 1007136, 865174, 1082185, 840361]"
2012,"[982469, 868645, 972416, 981760, 833025]"
2015,"[1133745, 1029743, 1048462, 1077490, 1044895]"
2016,"[836445, 1094744, 9526757, 1082185, 981760]"
2017,"[9859217, 983584, 1126899, 833025, 1020682]"
2018,"[970152, 1106523, 1082185, 833025, 1020682]"
2019,"[1038663, 1029743, 856818, 1107553, 1020682]"
2020,"[955259, 971949, 1132771, 833025, 1020682]"
2021,"[1013928, 951590, 1119454, 1082185, 840361]"
2022,"[906335, 1029743, 1082185, 981760, 840361]"
2023,"[918982, 1003699, 5569374, 1082185, 840361]"
2024,"[5586225, 1126899, 9934800, 981760, 840361]"
2025,"[1080600, 1029743, 1092289, 1082185, 840361]"
2026,"[826850, 916122, 923746, 1082185, 981760]"
2027,"[1088771, 819765, 961554, 840361, 833025]"
2028,"[887474, 1097661, 1094190, 1082185, 840361]"
2030,"[877611, 995242, 5569471, 981760, 833025]"
2031,"[6533765, 1068719, 1038745, 981760, 840361]"
2032,"[1127227, 1070820, 1060408, 981760, 840361]"
2033,"[9297026, 1000170, 879528, 840361, 833025]"
2034,"[900175, 1126899, 903325, 981760, 833025]"
2036,"[1069506, 1126899, 1082185, 840361, 833025]"
2037,"[828420, 1029743, 1033046, 1044895, 1020682]"
2038,"[858730, 1029743, 923746, 1082185, 1065593]"
2039,"[926737, 1082185, 917174, 833025, 1020682]"
2040,"[1021225, 1029743, 1005186, 1082185, 833025]"
2041,"[9655676, 1074333, 1127716, 981760, 833025]"
2043,"[1139415, 894439, 1106301, 1082185, 9420312]"
2044,"[1073877, 848684, 865178, 1082185, 981760]"
2047,"[12262778, 1106523, 8090537, 840361, 1044895]"
2048,"[6391137, 1106523, 944534, 1082185, 840361]"
2050,"[870452, 951590, 5569230, 840361, 833025]"
2053,"[1013928, 9392700, 1029743, 833025, 1020682]"
2055,"[1014253, 819765, 971836, 1082185, 840361]"
2056,"[965864, 1106523, 1125123, 981760, 1020682]"
2057,"[12731517, 977798, 1094098, 833025, 1020682]"
2058,"[920091, 5569471, 1006342, 981760, 840361]"
2059,"[9524291, 1031316, 1126899, 1082185, 840361]"
2060,"[970152, 986912, 1029743, 1082185, 840361]"
2061,"[1069310, 880104, 828935, 1082185, 840361]"
2062,"[6533765, 1029743, 1106301, 909349, 952317]"
2063,"[874972, 986912, 885290, 840361, 833025]"
2064,"[866548, 1006483, 940510, 840361, 886703]"
2065,"[852015, 8090521, 1029743, 1082185, 840361]"
2068,"[860248, 1070820, 1127831, 981760, 840361]"
2070,"[12810391, 834103, 1029743, 840361, 1020682]"
2071,"[1023095, 918752, 1004906, 1082185, 840361]"
2074,"[1057749, 1106523, 1101173, 981760, 840361]"
2075,"[982469, 1029743, 1107973, 981760, 1044895]"
2076,"[900379, 981760, 880427, 840361, 1020682]"
2077,"[1016753, 1106523, 832001, 981760, 833025]"
2078,"[924770, 982469, 910817, 981760, 840361]"
2079,"[955259, 1106523, 923746, 981760, 833025]"
2080,"[874972, 8090521, 1048483, 840361, 1065593]"
2082,"[12301065, 1029743, 1023979, 1082185, 840361]"
2083,"[1067608, 1070820, 933835, 1082185, 833025]"
2084,"[878715, 12692328, 862349, 1082185, 840361]"
2085,"[6533765, 962229, 1029743, 936594, 1044895]"
2086,"[1070748, 868764, 1121193, 840361, 833025]"
2087,"[948670, 916993, 1137688, 1110142, 952317]"
2088,"[849202, 1029743, 893501, 822785, 1065593]"
2089,"[1126899, 5592990, 1036693, 1082185, 840361]"
2090,"[1032967, 995242, 871611, 1082185, 840361]"
2093,"[9835223, 8090537, 1029743, 1082185, 840361]"
2094,"[848029, 1082185, 916993, 840361, 833025]"
2095,"[6533765, 1068719, 1133018, 833025, 1065593]"
2097,"[12262778, 6391557, 5590613, 1112598, 1020682]"
2099,"[881654, 1029743, 962229, 981760, 840361]"
2100,"[947858, 1082185, 944534, 833025, 1020682]"
2101,"[5569075, 819978, 883003, 1082185, 840361]"
2102,"[12262778, 1021519, 962229, 981760, 833025]"
2107,"[874972, 5995281, 1029743, 981760, 833025]"
2108,"[1000753, 1029743, 8090533, 840361, 1020682]"
2109,"[6533765, 997796, 1026439, 981760, 1065593]"
2110,"[9469654, 1026118, 1082185, 981760, 833025]"
2111,"[9297026, 1126899, 1123436, 981760, 840361]"
2112,"[970747, 1082185, 1029743, 833025, 1044895]"
2113,"[860248, 1101010, 5568378, 1082185, 1065593]"
2114,"[968072, 986912, 878996, 1082185, 840361]"
2115,"[8160071, 1070820, 948086, 1094955, 1020682]"
2116,"[848029, 1122547, 1082185, 1020682, 1044895]"
2117,"[1025535, 877447, 1133018, 1116207, 840361]"
2119,"[12731432, 870547, 1027168, 981760, 1044895]"
2120,"[727461, 486782, 687292, 1082185, 840361]"
2121,"[1034176, 1057260, 995242, 833025, 1020682]"
2122,"[936322, 16809348, 985587, 981760, 840361]"
2123,"[951009, 10285454, 920978, 1082185, 981760]"
2124,"[948670, 1062002, 1106523, 833025, 1020682]"
2125,"[899019, 1029743, 5581910, 981760, 840361]"
2126,"[10285421, 8090532, 948495, 981760, 840361]"
2129,"[974156, 1029743, 1108168, 822785, 952317]"
2130,"[8203757, 1106523, 969292, 840361, 1020682]"
2131,"[830203, 861445, 847207, 911622, 1020682]"
2132,"[1046562, 13416937, 995242, 981760, 840361]"
2133,"[1057949, 1126899, 961003, 981760, 1020682]"
2134,"[848029, 1082185, 1051468, 840361, 833025]"
2136,"[5569615, 901062, 1007269, 840361, 833025]"
2137,"[1069312, 920844, 860975, 981760, 1020682]"
2138,"[5995072, 1029743, 916143, 981760, 840361]"
2139,"[874972, 875392, 995242, 826249, 833025]"
2140,"[836665, 862349, 854852, 981760, 840361]"
2141,"[844462, 1070820, 1082185, 840361, 833025]"
2142,"[12262978, 6632283, 1029743, 981760, 1020682]"
2145,"[950051, 997821, 6391080, 981760, 840361]"
2146,"[1138243, 1053690, 1029743, 1082185, 840361]"
2147,"[1087062, 1106523, 906658, 981760, 1020682]"
2148,"[948670, 951590, 913210, 1082185, 833025]"
2149,"[849202, 1106523, 1082185, 840361, 833025]"
2153,"[906335, 1092026, 5592931, 981760, 840361]"
2154,"[836445, 1106523, 1082185, 840361, 833025]"
2156,"[12262830, 1122358, 965982, 1082185, 840361]"
2158,"[6533765, 873203, 951412, 840361, 1020682]"
2159,"[6533765, 1133018, 1038745, 1082185, 840361]"
2160,"[874972, 953539, 1070702, 1082185, 840361]"
2161,"[12171886, 1126899, 958208, 1082185, 840361]"
2162,"[9445749, 6395907, 1029743, 914754, 1020682]"
2168,"[851349, 916381, 8090521, 840361, 952317]"
2170,"[7160764, 1037840, 1029743, 941741, 1020682]"
2171,"[6602270, 1106073, 951590, 1082185, 840361]"
2172,"[1101744, 1029743, 1082185, 981760, 840361]"
2173,"[13877231, 13842088, 951590, 1082185, 840361]"
2174,"[5572544, 1075368, 1010582, 1082185, 840361]"
2175,"[1019820, 929558, 1119761, 981760, 833025]"
2179,"[9831469, 883186, 962229, 1082185, 840361]"
2181,"[1034868, 1082185, 9187298, 840361, 833025]"
2182,"[1021324, 57390, 5567704, 981760, 840361]"
2183,"[1083988, 1082185, 1093490, 840361, 833025]"
2184,"[901067, 1106523, 8090521, 840361, 1044895]"
2185,"[874972, 5570882, 820923, 833025, 1020682]"
2186,"[917384, 951590, 8090521, 833025, 1020682]"
2187,"[1038663, 845208, 5570199, 981760, 840361]"
2188,"[974156, 1106523, 1082185, 840361, 833025]"
2189,"[827939, 913210, 1015280, 981760, 840361]"
2190,"[961328, 962229, 883003, 886703, 1020682]"
2192,"[1029688, 1028816, 13910006, 1082185, 840361]"
2193,"[13510931, 1070820, 6552253, 833025, 1020682]"
2194,"[9396688, 1062128, 995242, 833025, 1020682]"
2195,"[5573124, 1126899, 1062002, 840361, 1020682]"
2196,"[12731432, 999104, 995242, 833025, 1020682]"
2197,"[1021324, 5569230, 1102959, 840361, 833025]"
2198,"[851780, 9487847, 844179, 833025, 1044895]"
2199,"[948670, 1126899, 934172, 833025, 1020682]"
2200,"[5578437, 837339, 916122, 833025, 1020682]"
2203,"[1018818, 1029743, 12731571, 840361, 1020682]"
2204,"[6533765, 951590, 859075, 1082185, 840361]"
2206,"[1029743, 873902, 1121321, 1082185, 1020682]"
2207,"[1013928, 986912, 911311, 840361, 1020682]"
2208,"[930283, 5569230, 1106523, 1020682, 1044895]"
2209,"[906844, 1029743, 885290, 840361, 833025]"
2210,"[885468, 965766, 1029743, 1082185, 1020682]"
2211,"[12171886, 1126899, 1082185, 840361, 833025]"
2213,"[860248, 1106523, 835558, 1020682, 1044895]"
2215,"[13506119, 890695, 1018050, 840361, 833025]"
2216,"[1022085, 1070820, 944600, 833025, 1020682]"
2217,"[5585299, 923746, 1092588, 981760, 833025]"
2218,"[1138423, 937292, 903325, 1082185, 840361]"
2220,"[1000753, 935811, 828235, 1082185, 840361]"
2221,"[1000753, 7410321, 1126899, 981760, 833025]"
2223,"[6773053, 834103, 1110572, 1082185, 840361]"
2224,"[1007279, 923670, 1029743, 1082185, 981760]"
2225,"[894499, 873887, 944137, 981760, 840361]"
2226,"[844462, 1082185, 1056509, 981760, 840361]"
2227,"[1038663, 1029743, 962229, 1088191, 1020682]"
2229,"[1034176, 862349, 1082185, 833025, 1020682]"
2230,"[1130729, 995242, 847207, 1082185, 840361]"
2231,"[989137, 1126899, 1082185, 840361, 833025]"
2232,"[1000753, 9526757, 1039672, 1082185, 840361]"
2233,"[860248, 7167970, 1081177, 981760, 840361]"
2234,"[1122255, 984315, 854754, 840361, 954642]"
2235,"[943320, 857130, 976199, 840361, 833025]"
2236,"[919766, 921345, 1005186, 981760, 840361]"
2237,"[849202, 908531, 1051626, 840361, 833025]"
2238,"[1000753, 856060, 918746, 840361, 833025]"
2240,"[982469, 1106523, 1044188, 840361, 943233]"
2241,"[5568758, 1029743, 923746, 833025, 943233]"
2242,"[1112242, 1037840, 951590, 981760, 833025]"
2243,"[1133745, 971922, 1139651, 1082185, 1020682]"
2244,"[829291, 1108131, 1083787, 833025, 909349]"
2245,"[6533765, 1082310, 1044078, 833025, 1020682]"
2247,"[1065538, 1106523, 1044078, 840361, 833025]"
2248,"[1096905, 1130763, 827180, 1082185, 840361]"
2250,"[12731432, 1029743, 964734, 981760, 833025]"
2251,"[970866, 5568378, 888988, 1094955, 1020682]"
2252,"[970866, 1029743, 1048462, 953104, 1020682]"
2255,"[1102139, 1029743, 9527160, 1082185, 840361]"
2256,"[5564569, 1051211, 824965, 981760, 952317]"
2257,"[1126465, 1104349, 1106523, 981760, 840361]"
2259,"[1082185, 1029743, 1127831, 981760, 840361]"
2260,"[866548, 964594, 1029743, 909338, 1020682]"
2261,"[975085, 1106523, 983584, 840361, 1020682]"
2262,"[1118963, 1019247, 6773232, 981760, 840361]"
2263,"[8203606, 995242, 986912, 981760, 1020682]"
2264,"[9655676, 1126899, 10457044, 833025, 1020682]"
2266,"[884239, 1082185, 900802, 833025, 1020682]"
2267,"[13512739, 1126899, 923849, 1082185, 886703]"
2268,"[874972, 9297423, 901470, 1082185, 840361]"
2269,"[12731685, 951590, 1082185, 833025, 1020682]"
2270,"[1002787, 1005186, 1054814, 8019716, 1020682]"
2272,"[5585068, 1082185, 15596112, 981760, 833025]"
2273,"[1069506, 1082185, 6979089, 833025, 1020682]"
2274,"[930283, 1082185, 933835, 840361, 833025]"
2275,"[1134483, 1040579, 1044078, 833025, 886703]"
2276,"[909497, 908531, 839656, 981760, 833025]"
2277,"[826666, 1097001, 932503, 1082185, 9420312]"
2278,"[13007264, 1017220, 922127, 981760, 840361]"
2279,"[874972, 947658, 1053690, 1078753, 840361]"
2280,"[982469, 1093603, 1070820, 1044895, 952317]"
2281,"[1031522, 6534077, 13213082, 981760, 840361]"
2282,"[956721, 1028816, 1070820, 981760, 840361]"
2283,"[949030, 1106523, 1055214, 840361, 833025]"
2284,"[1088705, 1070820, 9677670, 840361, 833025]"
2285,"[860248, 8293343, 824005, 1082185, 840361]"
2286,"[1111391, 1070820, 824005, 840361, 833025]"
2287,"[1139216, 971922, 1029743, 981760, 840361]"
2289,"[984680, 10285017, 1029743, 981760, 840361]"
2290,"[12781731, 1029743, 906262, 840361, 833025]"
2291,"[1032967, 12523928, 986912, 1082185, 840361]"
2292,"[970866, 1029743, 9527290, 1082185, 886703]"
2294,"[5570147, 1106523, 1082185, 833025, 1020682]"
2295,"[1038663, 950206, 1031065, 1082185, 952317]"
2296,"[863762, 1029743, 877498, 1082185, 840361]"
2298,"[826666, 871756, 910032, 833025, 1020682]"
2299,"[1035771, 1091858, 6602697, 1082185, 840361]"
2300,"[1095964, 1029743, 903325, 981760, 1020682]"
2301,"[1057749, 1029743, 9527494, 981760, 840361]"
2302,"[1029688, 1029743, 8090532, 1082185, 840361]"
2303,"[899019, 1029743, 1002771, 833025, 1020682]"
2305,"[1021164, 1082185, 1029743, 833025, 1020682]"
2307,"[849202, 883003, 1082185, 1081189, 833025]"
2308,"[5569882, 1068292, 1029743, 981760, 840361]"
2310,"[836445, 995242, 1043590, 840361, 833025]"
2312,"[944018, 1070820, 903325, 1020682, 1044895]"
2313,"[6463772, 823110, 860703, 1082185, 840361]"
2314,"[1048257, 951412, 985999, 981760, 833025]"
2317,"[1061228, 1082185, 1029743, 840361, 952317]"
2319,"[1013928, 937791, 1029743, 840361, 943233]"
2321,"[1108094, 880888, 1029743, 1082185, 840361]"
2322,"[1069312, 1082185, 1126899, 833025, 1044895]"
2323,"[1088979, 6039586, 5565322, 1082185, 840361]"
2324,"[865907, 967760, 1057260, 981760, 833025]"
2326,"[899019, 907128, 1039781, 1082185, 840361]"
2328,"[1048257, 1082990, 1106523, 840361, 833025]"
2330,"[860248, 924423, 1082185, 981760, 1020682]"
2331,"[8358621, 859075, 890695, 948254, 1020682]"
2332,"[860248, 1131506, 5568758, 1082185, 840361]"
2334,"[906335, 1029743, 1102416, 1044895, 886703]"
2335,"[9835223, 12302069, 1082185, 840361, 833025]"
2336,"[12810403, 1029743, 909396, 981760, 840361]"
2337,"[1021164, 1097398, 1067695, 833025, 1020682]"
2339,"[1075765, 824005, 827683, 981760, 840361]"
2341,"[916578, 1106523, 1044078, 981760, 840361]"
2342,"[866548, 1029743, 7166865, 981760, 1020682]"
2343,"[1096905, 916122, 911518, 840361, 886703]"
2344,"[948888, 1075827, 8090537, 1082185, 840361]"
2345,"[1000753, 1029743, 1137346, 981760, 840361]"
2346,"[6039671, 869252, 991442, 1082185, 840361]"
2347,"[1065538, 1029743, 8090521, 981760, 886703]"
2348,"[1032246, 861445, 10345155, 1082185, 840361]"
2349,"[874972, 1082185, 1070820, 833025, 1020682]"
2350,"[1015785, 951590, 1029743, 1082185, 981760]"
2351,"[6514287, 821083, 1048727, 840361, 954642]"
2352,"[991205, 5996551, 909714, 840361, 833025]"
2353,"[12262778, 866211, 5569230, 840361, 833025]"
2354,"[12262778, 1126899, 5570685, 840361, 833025]"
2355,"[9704960, 1019697, 847962, 1082185, 840361]"
2357,"[6533765, 1029743, 9575582, 1082185, 840361]"
2358,"[1000753, 1009449, 1117690, 1082185, 840361]"
2359,"[6533765, 1106523, 1044078, 981760, 1020682]"
2360,"[930870, 1029743, 909714, 981760, 886703]"
2361,"[906631, 1126899, 1053329, 833025, 1020682]"
2362,"[8069226, 1074754, 5588161, 1082185, 840361]"
2364,"[9655679, 1817725, 1869549, 1870702, 840361]"
2366,"[948670, 995242, 1004906, 981760, 833025]"
2368,"[939891, 6533140, 981086, 1082185, 1020682]"
2369,"[923732, 1029743, 940766, 981760, 833025]"
2370,"[12810391, 1070820, 981760, 1009449, 840361]"
2371,"[1013928, 1072523, 1025650, 981760, 833025]"
2372,"[851066, 1082185, 1029743, 840361, 833025]"
2373,"[1211227, 1407216, 1405491, 1082185, 840361]"
2374,"[1000753, 1070820, 1082185, 840361, 833025]"
2375,"[848029, 1036501, 899624, 981760, 840361]"
2376,"[1021695, 1005186, 919534, 981760, 840361]"
2377,"[899019, 995242, 1055168, 981760, 840361]"
2378,"[1054402, 1129576, 9527323, 1020682, 1044895]"
2379,"[860248, 1058997, 916122, 1082185, 840361]"
2380,"[948670, 1029743, 1122358, 981760, 840361]"
2381,"[836445, 1133018, 871440, 9707451, 833025]"
2383,"[822583, 913790, 1100658, 981760, 840361]"
2386,"[863436, 930137, 12385588, 840361, 952317]"
2387,"[848029, 940947, 917033, 1082185, 833025]"
2388,"[982469, 1029743, 878637, 1082185, 981760]"
2389,"[1025535, 1103826, 937736, 981760, 840361]"
2392,"[6533765, 965766, 1068719, 1082185, 981760]"
2393,"[12810464, 1057260, 944836, 1082185, 840361]"
2394,"[1088979, 5567502, 7167945, 1082185, 981760]"
2395,"[1021324, 5569230, 923746, 1020682, 1044895]"
2398,"[1066095, 5578856, 891118, 1082185, 840361]"
2399,"[947858, 840601, 1086740, 1115529, 840361]"
2400,"[6533765, 1138189, 1085333, 1020682, 1044895]"
2401,"[848029, 845208, 1106523, 840361, 833025]"
2402,"[908843, 1106523, 1096036, 981760, 840361]"
2404,"[945086, 5978585, 1609854, 981760, 840361]"
2405,"[6533765, 6602697, 1091383, 1020682, 1044895]"
2406,"[1087062, 1126899, 1082185, 833025, 1020682]"
2407,"[12731432, 1039156, 1038443, 1020682, 952317]"
2408,"[8016020, 908318, 1029743, 981760, 840361]"
2410,"[5568152, 1037840, 931007, 1082185, 833025]"
2412,"[1126465, 1106523, 844165, 840361, 952317]"
2415,"[906335, 844165, 1120616, 833025, 1064443]"
2416,"[12808385, 849697, 1044637, 833025, 1020682]"
2418,"[1069312, 1029743, 951590, 1082185, 840361]"
2419,"[860248, 825994, 1069531, 1082185, 840361]"
2420,"[6533765, 951590, 1043590, 840361, 833025]"
2421,"[1062467, 881154, 1126899, 840361, 833025]"
2423,"[871563, 8090521, 911974, 981760, 943233]"
2424,"[887275, 916993, 908283, 1020682, 1044895]"
2425,"[10355868, 1029743, 1085031, 840361, 833025]"
2426,"[12484491, 1058404, 844165, 981760, 840361]"
2427,"[849202, 908318, 1054539, 981760, 840361]"
2430,"[8203342, 845193, 1110572, 1020682, 1044895]"
2431,"[1079913, 8180927, 991592, 1082185, 9420312]"
2432,"[1015785, 1029743, 1101010, 943233, 1020682]"
2435,"[10198378, 828489, 1029743, 981760, 840361]"
2437,"[1048257, 7409618, 1070820, 981760, 833025]"
2438,"[919766, 892048, 968936, 1082185, 840361]"
2440,"[6533765, 1092937, 1043590, 1082185, 840361]"
2441,"[948670, 1029743, 898121, 1082185, 981760]"
2445,"[12731432, 1029743, 1110572, 840361, 1134522]"
2446,"[948670, 1044259, 1271704, 981760, 833025]"
2447,"[904997, 868764, 916990, 981760, 833025]"
2448,"[1054402, 7168058, 1106523, 840361, 952317]"
2449,"[1134483, 1106523, 6979803, 840361, 833025]"
2450,"[974156, 1070820, 1082185, 981760, 840361]"
2451,"[874972, 1076580, 1018822, 840361, 833025]"
2452,"[5591777, 1106523, 1025581, 840361, 833025]"
2453,"[926823, 6463504, 1082185, 981760, 840361]"
2455,"[867447, 983795, 1029743, 1082185, 840361]"
2456,"[1111080, 7025114, 1058997, 1082185, 840361]"
2458,"[13768618, 954146, 1012913, 1082185, 840361]"
2459,"[6533765, 1029743, 1031864, 1037894, 961846]"
2461,"[975792, 845868, 916993, 1082185, 840361]"
2462,"[969725, 834932, 901062, 833025, 1020682]"
2464,"[1095078, 1407216, 15630055, 1082185, 840361]"
2465,"[1092878, 986912, 856252, 840361, 833025]"
2466,"[965864, 1029743, 1006188, 1082185, 840361]"
2467,"[1058754, 1126899, 8090536, 833025, 1020682]"
2468,"[824396, 860703, 1106523, 840361, 1134522]"
2469,"[968072, 847982, 916122, 1082185, 840361]"
2470,"[8020191, 12757065, 906017, 1082185, 840361]"
2471,"[865334, 1107693, 1062939, 1082185, 840361]"
2472,"[1013928, 1081177, 981760, 840361, 833025]"
2474,"[1029743, 1125391, 940766, 1082185, 840361]"
2475,"[1110111, 1070820, 5569471, 833025, 1020682]"
2478,"[5591438, 1005186, 932949, 1082185, 833025]"
2479,"[10342382, 1106523, 1040807, 1020682, 1044895]"
2481,"[1004436, 1029743, 1132771, 1077490, 1020682]"
2483,"[1109376, 1082185, 995242, 981760, 833025]"
2484,"[1108094, 873964, 1029743, 981760, 840361]"
2485,"[1134483, 12555363, 995242, 1082185, 981760]"
2486,"[938138, 1029743, 916122, 833025, 1044895]"
2487,"[9522059, 865026, 1104405, 1082185, 840361]"
2488,"[860248, 911017, 916122, 1020682, 1044895]"
2489,"[9396767, 1029743, 1082185, 981760, 833025]"
2490,"[1038663, 939636, 1116821, 981760, 840361]"
2492,"[6533765, 1106523, 933835, 833025, 1134522]"
2494,"[889700, 1082185, 6548453, 981760, 833025]"
2495,"[13007264, 867931, 1006184, 1082185, 840361]"
2496,"[1000753, 916122, 5569230, 1082185, 833025]"
2497,"[849202, 1135834, 870515, 840361, 1044895]"
2498,"[933354, 1070820, 961554, 981760, 886703]"
2500,"[1065538, 859237, 1082185, 840361, 1020682]"
